date,meantemp,humidity,wind_speed,meanpressure
2013-01-01,3.1622776601683795,84.5,0.0,1015.6666666666666
2013-01-02,2.7202941017470885,92.0,2.98,1017.8
2013-01-03,2.6770630673681683,87.0,4.633333333333334,1018.6666666666666
2013-01-04,2.943920288775949,71.33333333333333,1.2333333333333334,1017.1666666666666
2013-01-05,2.449489742783178,86.83333333333333,3.7,1016.5
2013-01-06,2.6457513110645907,82.8,1.48,1018.0
2013-01-07,2.6457513110645907,78.6,6.3,1020.0
2013-01-08,2.9760952365713798,63.71428571428572,7.142857142857143,1018.7142857142856
2013-01-09,3.7416573867739413,51.25,12.5,1017.0
2013-01-10,3.3166247903554,62.0,7.399999999999999,1015.6666666666666
2013-01-11,3.9641248358604595,51.285714285714285,10.571428571428571,1016.1428571428572
2013-01-12,3.7416573867739413,74.0,13.228571428571428,1015.5714285714286
2013-01-13,3.9791121287711073,75.16666666666667,4.633333333333334,1013.3333333333334
2013-01-14,3.582364210034113,88.16666666666667,0.6166666666666667,1015.1666666666666
2013-01-15,3.835920452027872,71.85714285714286,0.5285714285714286,1015.8571428571428
2013-01-16,3.719318934070233,86.66666666666667,0.0,1016.6666666666666
2013-01-17,4.06201920231798,80.83333333333333,5.250000000000001,1015.8333333333334
2013-01-18,3.719318934070233,92.16666666666669,8.950000000000001,1014.5
2013-01-19,3.5355339059327378,76.66666666666667,5.883333333333333,1021.6666666666666
2013-01-20,3.359421718944242,75.28571428571429,8.471428571428572,1020.2857142857144
2013-01-21,3.3466401061363023,77.0,2.22,1021.0
2013-01-22,3.082207001484488,79.66666666666667,3.083333333333333,1021.8
2013-01-23,3.7416573867739413,60.16666666666666,4.016666666666667,1020.5
2013-01-24,3.719318934070233,60.66666666666666,6.166666666666667,1020.5
2013-01-25,3.5,67.0,5.55,1020.75
2013-01-26,3.559026084010437,64.16666666666667,6.800000000000001,1019.6666666666666
2013-01-27,3.585685828003181,65.57142857142857,5.557142857142857,1018.1428571428572
2013-01-28,3.851406669430448,56.0,3.7,1017.8333333333334
2013-01-29,3.758324094593227,65.5,3.2375,1016.625
2013-01-30,3.835920452027872,70.42857142857143,1.0571428571428572,1017.8571428571428
2013-01-31,4.024922359499621,65.6,2.96,1018.4
2013-02-01,4.0,73.0,2.22,1016.0
2013-02-02,4.035556254807296,77.57142857142857,1.3285714285714287,1017.1428571428572
2013-02-03,4.242640687119285,65.57142857142857,1.8571428571428568,1015.2857142857144
2013-02-04,4.174754056057845,74.28571428571429,11.114285714285714,1014.5714285714286
2013-02-05,4.077376607575022,92.375,9.725,1016.375
2013-02-06,4.08248290463863,71.33333333333333,8.633333333333333,1018.6666666666666
2013-02-07,3.9496835316262997,59.4,10.74,1018.6
2013-02-08,3.7416573867739413,70.42857142857143,9.257142857142856,1017.1428571428572
2013-02-09,3.927922024247863,61.285714285714285,9.257142857142856,1016.8571428571428
2013-02-10,3.905124837953327,71.5,3.475,1017.125
2013-02-11,3.984344362627307,70.5,5.325,1016.5
2013-02-12,3.9157800414902435,70.33333333333333,7.416666666666667,1017.5
2013-02-13,4.035556254807296,70.14285714285714,6.085714285714287,1016.0
2013-02-14,4.163331998932265,63.833333333333336,4.333333333333333,1014.1666666666666
2013-02-15,4.377975178854566,65.33333333333333,10.183333333333335,1011.6666666666666
2013-02-16,3.7984959429452374,92.71428571428572,8.485714285714286,1008.0
2013-02-17,3.696845502136472,90.0,0.0,1012.6666666666666
2013-02-18,3.9496835316262997,78.4,12.220000000000002,1016.2
2013-02-19,3.9821028185046727,82.0,5.814285714285715,1015.7142857142856
2013-02-20,4.20883424647321,74.71428571428571,5.814285714285715,1017.0
2013-02-21,4.47213595499958,67.28571428571429,6.614285714285714,1015.4285714285714
2013-02-22,4.527692569068709,65.625,10.875000000000002,1016.0
2013-02-23,4.174754056057845,74.85714285714286,9.257142857142856,1017.0
2013-02-24,4.105745103771404,78.85714285714286,7.400000000000001,1018.8571428571428
2013-02-25,4.107919181288746,72.875,4.6375,1018.25
2013-02-26,4.225771273642583,70.0,17.587500000000002,1015.1428571428572
2013-02-27,4.560701700396552,57.2,6.660000000000001,1015.2
2013-02-28,4.4077853201547175,52.85714285714285,12.957142857142856,1017.4285714285714
2013-03-01,4.163331998932265,49.333333333333336,6.901900350938872,1016.3333333333334
2013-03-02,4.358898943540674,54.0,15.725,1016.25
2013-03-03,4.396968652757639,62.833333333333336,8.633333333333333,1016.1666666666666
2013-03-04,4.1952353926806065,71.0,5.5600000000000005,1015.8
2013-03-05,4.568916720624267,61.875,4.1625000000000005,1016.375
2013-03-06,4.566962103755937,65.28571428571429,6.871428571428573,1015.7142857142856
2013-03-07,4.840306956027833,57.142857142857146,8.728571428571428,1015.2857142857144
2013-03-08,4.915960401250875,44.833333333333336,7.1000000000000005,1014.8333333333334
2013-03-09,5.0426750270636544,49.71428571428572,5.285714285714286,1009.2857142857144
2013-03-10,4.810702354423639,57.57142857142857,4.228571428571429,1008.0
2013-03-11,4.898979485566356,66.33333333333333,0.9333333333333332,1011.1666666666666
2013-03-12,4.847679857416329,62.5,4.933333333333334,1011.5
2013-03-13,4.636809247747852,70.5,5.55,1009.0
2013-03-14,4.725815626252608,61.16666666666666,12.033333333333331,1013.1666666666666
2013-03-15,4.915960401250875,45.833333333333336,7.716666666666668,1016.1666666666666
2013-03-16,4.509249752822893,67.66666666666667,3.7,1016.1666666666666
2013-03-17,4.760952285695233,58.66666666666666,8.95,1015.0
2013-03-18,4.840306956027833,58.142857142857146,17.457142857142856,1009.4285714285714
2013-03-19,4.743416490252569,73.66666666666667,10.483333333333333,1011.0
2013-03-20,5.400617248673217,36.333333333333336,6.800000000000001,1009.5
2013-03-21,4.881939505292269,58.5,10.5,1008.3333333333334
2013-03-22,5.024937810560445,50.25,9.7125,1006.375
2013-03-23,5.232112384114087,50.125,9.95,1007.625
2013-03-24,5.196152422706632,48.75,10.8875,1010.25
2013-03-25,4.847679857416329,45.5,15.9625,1010.625
2013-03-26,4.913538149119954,44.57142857142857,12.957142857142856,1008.8571428571428
2013-03-27,4.58257569495584,62.0,1.85,1009.0
2013-03-28,4.735881272643079,62.71428571428572,7.4142857142857155,1009.5714285714286
2013-03-29,4.6097722286464435,70.375,5.550000000000001,1009.75
2013-03-30,4.847679857416329,54.75,11.1125,1008.625
2013-03-31,4.8166378315169185,58.0,6.660000000000001,1008.6
2013-04-01,5.0373604199024715,45.5,4.4,1008.5
2013-04-02,5.01663898109747,51.0,8.65,1009.5
2013-04-03,5.118593556827891,45.6,8.14,1009.0
2013-04-04,4.959838707054898,41.8,11.12,1007.8
2013-04-05,5.059644256269407,31.0,15.56,1007.0
2013-04-06,5.0849919230164815,29.857142857142858,11.900000000000002,1006.1428571428572
2013-04-07,5.398412465054624,23.285714285714285,10.314285714285717,1005.0
2013-04-08,5.358571238146015,33.857142857142854,5.3,1006.0
2013-04-09,5.49241901776136,30.5,8.65,1005.3333333333334
2013-04-10,5.477225575051661,28.0,6.1,1006.7142857142856
2013-04-11,5.477225575051661,24.2,7.780000000000001,1006.4
2013-04-12,5.3718844791323335,32.57142857142857,6.342857142857143,1007.5714285714286
2013-04-13,5.495452665613635,29.2,10.000000000000002,1008.4
2013-04-14,5.315072906367325,39.375,6.487499999999999,1007.0
2013-04-15,5.315072906367325,41.375,6.25,1003.875
2013-04-16,5.667892024377317,24.625,10.425,1000.0
2013-04-17,5.403702434442518,24.2,6.659999999999999,1002.2
2013-04-18,5.503245795502349,30.285714285714285,4.757142857142858,1002.8571428571428
2013-04-19,5.31843156256751,31.285714285714285,3.971428571428571,1002.5714285714286
2013-04-20,5.533985905294664,29.0,7.6375,1003.375
2013-04-21,5.259911279353167,38.66666666666666,13.883333333333333,1006.8333333333334
2013-04-22,5.232112384114087,45.375,7.650000000000001,1010.0
2013-04-23,5.350233639758174,44.125,4.625000000000001,1009.875
2013-04-24,5.503245795502349,41.71428571428572,2.1142857142857143,1008.5714285714286
2013-04-25,5.5805785670356025,38.285714285714285,3.7,1007.7142857142856
2013-04-26,5.465802777268862,45.875,6.7125,1008.375
2013-04-27,5.5805785670356025,31.428571428571427,13.485714285714286,1007.0
2013-04-28,5.529143565818179,28.0,12.971428571428572,1005.4285714285714
2013-04-29,5.667892024377317,26.375,7.875,1004.875
2013-04-30,5.5805785670356025,32.0,7.928571428571429,1004.8571428571428
2013-05-01,5.644213218610974,60.429086599529164,12.685714285714289,1002.8333333333334
2013-05-02,5.461989869391313,22.166666666666668,11.433333333333335,1001.2
2013-05-03,5.3452248382484875,31.571428571428573,9.0,999.4285714285714
2013-05-04,5.732115042211108,31.428571428571427,2.914285714285714,999.0
2013-05-05,5.7118298293979315,31.125,3.0125,1000.625
2013-05-06,5.722761571129799,39.25,3.7,1001.625
2013-05-07,5.733672470589857,33.25,7.175000000000001,1002.0
2013-05-08,5.873670062235365,23.0,9.25,1001.1666666666666
2013-05-09,5.855400437691199,26.0,8.985714285714284,1000.8571428571428
2013-05-10,5.830951894845301,27.714285714285715,9.528571428571428,1000.1428571428572
2013-05-11,5.545268253204709,30.375,14.8125,999.875
2013-05-12,5.464168999687222,40.142857142857146,5.828571428571428,1003.7142857142856
2013-05-13,5.631543812693436,34.0,3.971428571428572,1003.5714285714286
2013-05-14,5.68205194324324,34.285714285714285,4.771428571428571,1001.5714285714286
2013-05-15,5.744562646538029,33.0,3.2375000000000003,999.8571428571428
2013-05-16,5.744562646538029,34.75,7.175000000000001,998.5
2013-05-17,5.730037812557028,28.166666666666668,9.866666666666667,1000.3333333333334
2013-05-18,5.60357029044876,42.2,12.966666666666669,999.0
2013-05-19,5.94418483337567,22.33333333333333,15.749999999999998,999.6666666666666
2013-05-20,6.0332412515993425,24.2,7.4,998.4
2013-05-21,6.0,19.0,11.371428571428572,998.6666666666666
2013-05-22,6.06217782649107,22.125,17.5875,998.625
2013-05-23,6.123724356957945,23.33333333333333,13.566666666666668,997.1666666666666
2013-05-24,6.199078272499181,27.428571428571427,11.385714285714286,996.4285714285714
2013-05-25,6.222080497252163,22.428571428571427,10.314285714285717,998.1428571428572
2013-05-26,6.148170459575759,21.2,10.74,998.2
2013-05-27,5.988083404324196,31.571428571428573,8.72857142857143,999.1428571428572
2013-05-28,5.94418483337567,29.0,8.333333333333334,1000.1666666666666
2013-05-29,5.843188953205018,27.857142857142858,5.557142857142858,999.4285714285714
2013-05-30,5.674504383644443,28.2,5.5600000000000005,999.6
2013-05-31,5.798706752371601,40.125,10.6375,998.7142857142856
2013-06-01,5.656854249492381,54.0,13.4375,998.75
2013-06-02,5.692099788303083,56.6,14.2,1001.0
2013-06-03,5.966573556070519,47.0,12.239999999999998,999.6
2013-06-04,5.988083404324196,42.57142857142857,5.028571428571429,999.8571428571428
2013-06-05,6.09644705272396,36.5,9.866666666666664,998.0
2013-06-06,5.593363414414826,61.71428571428572,10.042857142857144,997.2857142857144
2013-06-07,5.830951894845301,49.25,7.412500000000001,998.0
2013-06-08,5.848076606885378,57.4,13.34,997.0
2013-06-09,6.013872850889571,40.0,11.416666666666666,995.1666666666666
2013-06-10,6.051859218455102,42.75,8.100000000000001,995.125
2013-06-11,5.49241901776136,61.66666666666666,16.349999999999998,1000.0
2013-06-12,5.843188953205018,54.142857142857146,7.4142857142857155,998.0
2013-06-13,5.461989869391313,68.66666666666667,9.866666666666664,998.6666666666666
2013-06-14,5.490251100164468,68.14285714285714,7.942857142857142,997.4285714285714
2013-06-15,5.542047068934521,65.0,13.22857142857143,997.8571428571428
2013-06-16,5.196152422706632,88.85714285714286,8.485714285714286,996.4285714285714
2013-06-17,5.18411033833193,87.375,8.3375,994.75
2013-06-18,5.329165037789691,83.6,5.18,996.4
2013-06-19,5.464168999687222,72.85714285714286,4.228571428571429,999.0
2013-06-20,5.744562646538029,52.71428571428572,4.771428571428571,997.1666666666666
2013-06-21,5.901977069875258,47.333333333333336,5.866666666666667,995.3333333333334
2013-06-22,5.966573556070519,39.4,10.74,996.2
2013-06-23,5.930148958219065,53.0,8.350000000000001,995.6666666666666
2013-06-24,5.756983337031396,55.0,13.22857142857143,996.2857142857144
2013-06-25,5.529143565818179,70.42857142857143,11.114285714285716,999.1666666666666
2013-06-26,5.5377492419453835,71.5,6.483333333333333,999.0
2013-06-27,5.606119105813881,61.85714285714285,7.957142857142856,996.7142857142856
2013-06-28,5.612486080160912,64.25,8.8125,996.0
2013-06-29,5.766281297335398,57.0,13.875,995.25
2013-06-30,5.730037812557028,52.16666666666666,10.5,997.1666666666666
2013-07-01,5.8186891012618,54.0,8.728571428571428,996.4285714285714
2013-07-02,5.756983337031396,58.285714285714285,9.8,996.0
2013-07-03,5.618845839799182,70.0,6.357142857142857,997.5714285714286
2013-07-04,5.689903338370521,67.5,9.25,997.0
2013-07-05,5.727128425310541,62.2,12.96,997.8
2013-07-06,5.5677643628300215,73.14285714285714,11.37142857142857,1000.5714285714286
2013-07-07,5.582711408148075,77.33333333333333,7.1000000000000005,1000.1666666666666
2013-07-08,5.461989869391313,75.16666666666667,6.483333333333334,997.5
2013-07-09,5.385164807134504,78.83333333333333,8.016666666666667,996.8333333333334
2013-07-10,5.454356057317857,75.375,6.4875,995.75
2013-07-11,5.70087712549569,65.5,7.116666666666667,997.3333333333334
2013-07-12,5.373546315051169,86.625,5.562500000000001,1000.0
2013-07-13,5.634713834792322,70.25,12.0625,998.875
2013-07-14,5.545268253204709,71.625,4.8125,997.375
2013-07-15,5.634713834792322,73.25,13.5375,998.375
2013-07-16,5.465802777268862,83.875,9.0,999.0
2013-07-17,5.578978401105349,78.375,8.65,998.0
2013-07-18,5.634713834792322,76.0,5.550000000000001,995.0
2013-07-19,5.522680508593631,73.5,9.266666666666666,995.3333333333334
2013-07-20,5.180090089306684,90.66666666666669,4.933333333333333,999.1666666666666
2013-07-21,5.310367218940701,88.0,2.24,996.4
2013-07-22,5.431390245600108,80.33333333333333,4.333333333333333,996.8333333333334
2013-07-23,5.644213218610974,70.71428571428571,3.971428571428572,998.0
2013-07-24,5.451081150953975,84.14285714285714,3.971428571428571,997.1428571428572
2013-07-25,5.32290647422377,84.5,8.016666666666667,995.1666666666666
2013-07-26,5.477225575051661,73.85714285714286,5.571428571428572,995.4285714285714
2013-07-27,5.490251100164468,79.0,4.228571428571429,997.2857142857144
2013-07-28,5.68205194324324,67.42857142857143,6.085714285714286,998.1428571428572
2013-07-29,5.5677643628300215,77.42857142857143,4.771428571428571,997.1428571428572
2013-07-30,5.522680508593631,75.66666666666667,8.016666666666667,996.5
2013-07-31,5.369667897862337,78.5,9.866666666666664,996.6666666666666
2013-08-01,5.477225575051661,73.5,5.550000000000001,998.0
2013-08-02,5.618845839799182,66.42857142857143,11.114285714285716,999.4285714285714
2013-08-03,5.70087712549569,62.333333333333336,10.816666666666665,1000.8333333333334
2013-08-04,5.70087712549569,62.5,5.1,993.25
2013-08-05,5.431390245600108,77.0,6.783333333333334,1001.0
2013-08-06,5.212165257037297,90.66666666666669,4.016666666666667,1002.1666666666666
2013-08-07,5.326818938165629,85.25,3.25,1001.875
2013-08-08,5.338539126015656,84.0,6.166666666666667,1000.5
2013-08-09,5.212165257037297,87.5,3.716666666666667,1001.0
2013-08-10,5.42481072744215,79.85714285714286,6.1000000000000005,1000.3333333333334
2013-08-11,5.477225575051661,76.83333333333333,6.800000000000001,1001.1666666666666
2013-08-12,5.431390245600108,81.5,8.350000000000001,1001.0
2013-08-13,5.545268253204709,72.0,11.125,999.25
2013-08-14,5.446711546122731,74.33333333333333,9.866666666666667,999.8333333333334
2013-08-15,5.264435935053794,85.0,8.2,1001.7142857142856
2013-08-16,5.157518783291051,92.0,4.46,1000.8
2013-08-17,5.237229365663817,91.0,14.285714285714286,999.4285714285714
2013-08-18,5.32290647422377,83.83333333333333,1.2333333333333334,1000.1666666666666
2013-08-19,5.307227776030219,84.66666666666667,5.550000000000001,1000.5
2013-08-20,5.232112384114087,88.5,5.325,999.0
2013-08-21,5.32290647422377,81.16666666666667,10.314285714285717,999.2857142857144
2013-08-22,5.400617248673217,74.83333333333333,6.483333333333334,1001.1666666666666
2013-08-23,5.593363414414826,73.14285714285714,2.642857142857143,1001.4285714285714
2013-08-24,5.656854249492381,71.25,6.901900350938872,1000.3333333333334
2013-08-25,5.385164807134504,90.75,0.925,998.75
2013-08-26,5.656854249492381,69.875,6.475,997.8571428571428
2013-08-27,5.669467095138408,57.285714285714285,17.071428571428573,999.8571428571428
2013-08-28,5.490251100164468,60.71428571428572,11.642857142857142,1003.7142857142856
2013-08-29,5.612486080160912,57.0,9.275,1003.25
2013-08-30,5.400617248673217,73.0,3.1,1003.5
2013-08-31,5.385164807134504,71.75,4.65,1003.25
2013-09-01,5.477225575051661,65.2,11.48,1003.2
2013-09-02,5.644213218610974,50.85714285714285,15.342857142857142,1003.7142857142856
2013-09-03,5.722761571129799,45.5,14.8,1001.5
2013-09-04,5.631543812693436,48.0,14.54285714285714,1002.1666666666666
2013-09-05,5.627314338711377,46.0,13.566666666666668,1001.5
2013-09-06,5.529143565818179,55.71428571428572,10.042857142857144,1003.4285714285714
2013-09-07,5.552777082985894,51.833333333333336,6.783333333333334,1004.1666666666666
2013-09-08,5.291502622129181,71.75,2.325,1007.25
2013-09-09,5.5677643628300215,57.5,6.901900350938872,1007.0
2013-09-10,5.446711546122731,66.33333333333333,3.7,1005.3333333333334
2013-09-11,5.5549205986353085,61.142857142857146,3.971428571428571,1005.5714285714286
2013-09-12,5.582711408148075,60.333333333333336,2.7833333333333337,1008.1666666666666
2013-09-13,5.5805785670356025,67.14285714285714,3.171428571428572,1007.1428571428572
2013-09-14,5.522680508593631,67.0,2.7833333333333337,1003.8333333333334
2013-09-15,5.623610939600996,56.375,3.9375,1001.375
2013-09-16,5.446711546122731,60.0,7.100000000000001,1002.3333333333334
2013-09-17,5.408326913195984,56.5,3.475,1002.875
2013-09-18,5.398412465054624,58.57142857142857,5.557142857142858,1003.1428571428572
2013-09-19,5.458937625582473,61.6,2.96,1001.8
2013-09-20,5.354126134736337,70.0,9.583333333333334,1003.0
2013-09-21,5.019960159204453,89.0,5.18,1003.0
2013-09-22,5.32290647422377,79.66666666666667,3.083333333333333,1001.6666666666666
2013-09-23,5.503245795502349,68.0,4.5,1001.0
2013-09-24,5.545268253204709,65.75,5.7875000000000005,1002.75
2013-09-25,5.3452248382484875,75.0,6.614285714285715,1005.4285714285714
2013-09-26,5.310367218940701,78.8,4.08,1006.6
2013-09-27,5.385164807134504,71.25,7.4125,1005.625
2013-09-28,5.477225575051661,67.33333333333333,1.2333333333333334,1005.3333333333334
2013-09-29,5.30498417932204,79.85714285714286,5.557142857142858,1003.8571428571428
2013-09-30,5.18238775634773,84.57142857142857,4.228571428571429,1004.7142857142856
2013-10-01,5.31843156256751,68.71428571428571,6.371428571428571,1007.7142857142856
2013-10-02,5.403702434442518,61.4,7.42,1010.0
2013-10-03,5.347896782848375,59.0,7.4,1008.6
2013-10-04,4.98330546257535,84.33333333333333,6.783333333333334,1007.5
2013-10-05,5.338539126015656,69.0,2.0875,1004.125
2013-10-06,5.454356057317857,66.5,1.85,1005.25
2013-10-07,5.451081150953975,66.57142857142857,1.585714285714286,1008.8571428571428
2013-10-08,5.403702434442518,69.4,0.0,1009.8
2013-10-09,5.552777082985894,65.5,5.566666666666667,1010.3333333333334
2013-10-10,5.42481072744215,66.28571428571429,3.971428571428572,1010.8571428571428
2013-10-11,4.884377427793931,89.85714285714286,4.242857142857143,1010.5714285714286
2013-10-12,5.11300861947808,82.57142857142857,2.914285714285714,1008.2857142857144
2013-10-13,5.212165257037297,84.33333333333333,0.6166666666666667,1007.6666666666666
2013-10-14,5.264435935053794,74.85714285714286,5.557142857142858,1007.0
2013-10-15,5.0849919230164815,76.42857142857143,3.7,1009.1428571428572
2013-10-16,5.140872632984737,75.0,0.0,1009.0
2013-10-17,5.18238775634773,76.71428571428571,1.0571428571428572,1010.4285714285714
2013-10-18,5.131601439446884,73.16666666666667,0.0,1010.5
2013-10-19,4.956957592256421,69.57142857142857,2.1142857142857143,1011.5714285714286
2013-10-20,4.932882862316247,67.83333333333333,1.55,1010.6666666666666
2013-10-21,4.987484335815001,63.625,1.3875000000000002,1009.875
2013-10-22,5.272570530585627,53.6,0.0,1011.0
2013-10-23,5.0,67.5,1.1625,1013.625
2013-10-24,4.884377427793931,73.14285714285714,1.0571428571428572,1013.2857142857144
2013-10-25,4.774934554525329,75.8,1.86,1011.0
2013-10-26,4.795831523312719,78.2,0.74,1011.2
2013-10-27,4.782781617427248,66.875,2.5500000000000003,1010.625
2013-10-28,4.760952285695233,63.16666666666666,4.933333333333334,1010.0
2013-10-29,4.795831523312719,62.71428571428572,3.971428571428571,1011.1428571428572
2013-10-30,4.780914437337574,67.42857142857143,2.385714285714286,1012.8571428571428
2013-10-31,4.864839839775475,58.833333333333336,3.083333333333333,1012.8333333333334
2013-11-01,4.840306956027833,69.14285714285714,1.0571428571428572,1013.2857142857144
2013-11-02,4.650268809434569,65.0,4.6375,1014.5
2013-11-03,4.541475531146237,57.875,5.5625,1016.0
2013-11-04,4.600724580614087,54.16666666666666,2.466666666666667,1017.5
2013-11-05,4.339738855430512,74.33333333333333,0.0,1017.5
2013-11-06,4.535573676110727,66.71428571428571,3.185714285714285,1015.8571428571428
2013-11-07,4.488079449258573,73.14285714285714,4.500000000000001,1015.6666666666666
2013-11-08,4.242640687119285,82.2,6.901900350938872,1015.625
2013-11-09,4.456135417280635,73.57142857142857,0.5285714285714286,1016.7142857142856
2013-11-10,4.102844541697057,72.0,2.466666666666667,1016.0
2013-11-11,4.342481186734475,61.85714285714285,5.814285714285715,1013.4285714285714
2013-11-12,4.0708019567928595,71.71428571428571,0.7999999999999999,1013.8571428571428
2013-11-13,4.2130748865881795,65.0,3.0125,1014.25
2013-11-14,4.198213905936666,63.375,3.475,1015.25
2013-11-15,4.123105625617661,67.0,0.925,1016.5
2013-11-16,4.077376607575022,69.625,0.0,1018.0
2013-11-17,3.946064947695181,67.42857142857143,2.3857142857142857,1017.7142857142856
2013-11-18,4.301162633521313,55.125,7.412500000000001,1016.875
2013-11-19,4.227883631321941,63.5,7.175,1015.5
2013-11-20,4.272001872658765,58.875,2.55,1012.75
2013-11-21,4.227883631321941,66.25,2.0875,1013.125
2013-11-22,4.198213905936666,74.875,1.1625,1015.75
2013-11-23,4.2594432902501635,77.85714285714286,0.7999999999999999,1014.5714285714286
2013-11-24,4.373213921133975,58.875,5.0875,1014.5
2013-11-25,4.6097722286464435,49.875,9.5,1012.875
2013-11-26,4.6097722286464435,51.375,9.75,1011.75
2013-11-27,4.373213921133975,68.5,2.7875,1014.75
2013-11-28,4.315669125408017,71.875,1.85,1017.75
2013-11-29,4.2130748865881795,66.625,4.8625,1016.875
2013-11-30,4.227883631321941,69.625,11.8125,1015.875
2013-12-01,4.242640687119285,65.0,1.585714285714286,1016.1428571428572
2013-12-02,4.153311931459037,73.25,1.85,1015.875
2013-12-03,4.183300132670378,73.5,1.3875,1016.75
2013-12-04,4.140393356054125,71.85714285714286,4.228571428571429,1017.0
2013-12-05,4.140393356054125,69.0,6.885714285714286,1015.2857142857144
2013-12-06,4.0155946010522525,72.375,3.7125,1014.0
2013-12-07,4.0,80.5,1.1625,1014.25
2013-12-08,4.06201920231798,83.625,0.0,1014.0
2013-12-09,4.0155946010522525,79.25,2.3125,1013.5
2013-12-10,3.9370039370059056,81.75,2.55,1013.75
2013-12-11,4.077376607575022,71.875,6.475000000000001,1014.125
2013-12-12,4.2130748865881795,62.375,16.9,1012.5
2013-12-13,4.140393356054125,67.71428571428571,11.62857142857143,1012.0
2013-12-14,4.0178174601214955,79.0,0.7999999999999999,1012.5714285714286
2013-12-15,3.9370039370059056,86.25,2.55,1015.125
2013-12-16,3.905124837953327,89.5,1.1625,1015.625
2013-12-17,3.840572873934304,92.875,0.925,1014.25
2013-12-18,3.856812155135378,93.0,2.0875,1012.625
2013-12-19,4.0155946010522525,89.125,3.25,1012.875
2013-12-20,3.9210967853395307,91.375,4.4125000000000005,1016.0
2013-12-21,3.840572873934304,94.0,0.4625,1017.0
2013-12-22,3.905124837953327,94.0,1.3875000000000002,1018.375
2013-12-23,3.774917217635375,88.25,9.025,1020.5
2013-12-24,3.6742346141747673,84.75,5.7875000000000005,1021.375
2013-12-25,3.696845502136472,63.16666666666666,6.901900350938872,1020.625
2013-12-26,3.48209706929603,67.625,4.4,1019.25
2013-12-27,3.4460121880225554,79.875,1.1625,1018.625
2013-12-28,3.29772648956823,70.0,5.325,1019.25
2013-12-29,3.251373336211726,69.42857142857143,5.325,1018.5
2013-12-30,3.517811819867572,79.5,6.4750000000000005,1018.125
2013-12-31,3.8078865529319543,89.375,4.862500000000001,1020.5
2014-01-01,3.6571847095819483,89.625,7.65,1021.0
2014-01-02,3.3166247903554,78.375,8.1,1020.25
2014-01-03,3.5355339059327378,74.875,5.325,1017.75
2014-01-04,3.588175023601831,88.125,1.1625,1016.25
2014-01-05,3.517811819867572,89.0,0.4625,1014.5
2014-01-06,3.3806170189140663,86.28571428571429,6.901900350938872,1017.625
2014-01-07,3.484660262185848,72.28571428571429,6.901900350938872,1017.75
2014-01-08,3.4460121880225554,76.875,1.85,1017.875
2014-01-09,3.582364210034113,83.0,1.2333333333333334,1017.0
2014-01-10,3.517811819867572,85.375,0.0,1016.625
2014-01-11,3.48209706929603,82.625,6.7250000000000005,1019.625
2014-01-12,3.588175023601831,80.875,3.2500000000000004,1020.75
2014-01-13,3.7416573867739413,72.375,1.1625,1019.375
2014-01-14,3.856812155135378,76.75,2.7875,1017.0
2014-01-15,3.4641016151377544,93.5,0.4625,1019.75
2014-01-16,3.5050983275386565,90.57142857142856,1.585714285714286,1019.5714285714286
2014-01-17,3.4641016151377544,95.75,1.1625,1017.625
2014-01-18,3.5355339059327378,94.25,1.85,1020.25
2014-01-19,3.8078865529319543,84.5,3.475,1023.0
2014-01-20,3.824264635194589,83.5,4.4125000000000005,1021.375
2014-01-21,3.6839419880650364,96.85714285714286,7.171428571428572,1020.5714285714286
2014-01-22,3.905124837953327,96.125,6.7125,1019.875
2014-01-23,3.952847075210474,90.125,6.7125,1020.25
2014-01-24,3.724916106437835,88.875,8.1125,1019.25
2014-01-25,3.427827300200522,95.625,8.3375,1019.75
2014-01-26,3.7914377220257753,85.75,8.8125,1019.125
2014-01-27,4.077376607575022,72.375,9.95,1018.75
2014-01-28,4.077376607575022,69.875,7.4125,1016.75
2014-01-29,3.856812155135378,81.875,4.625000000000001,1018.625
2014-01-30,3.8078865529319543,83.25,0.925,1019.375
2014-01-31,3.840572873934304,82.5,3.0125,1019.25
2014-02-01,3.7416573867739413,79.375,2.55,1019.75
2014-02-02,3.905124837953327,76.125,1.85,1016.875
2014-02-03,4.292851200376205,63.85714285714285,12.2875,1014.125
2014-02-04,4.342481186734475,65.42857142857143,13.425,1011.0
2014-02-05,4.123105625617661,72.75,1.625,1011.5
2014-02-06,4.301162633521313,65.375,6.012500000000001,1010.875
2014-02-07,4.430011286667337,67.25,15.05,1009.25
2014-02-08,3.69120576505835,85.375,8.1125,1011.375
2014-02-09,3.588175023601831,63.375,9.2625,1012.0
2014-02-10,3.553167600887974,61.75,3.7,1012.5
2014-02-11,3.6571847095819483,64.625,3.7,1013.5
2014-02-12,3.640054944640259,67.0,9.2625,1013.5
2014-02-13,3.905124837953327,64.5,4.875,1013.625
2014-02-14,3.605551275463989,95.5,5.3375,1011.875
2014-02-15,3.517811819867572,89.5,3.9375,1012.875
2014-02-16,3.6742346141747673,79.0,8.7875,1016.0
2014-02-17,3.8890872965260113,66.125,12.725,1017.75
2014-02-18,3.905124837953327,60.125,8.799999999999999,1017.375
2014-02-19,3.8890872965260113,75.375,1.85,1016.625
2014-02-20,4.0155946010522525,78.625,1.8625,1014.75
2014-02-21,4.138236339311712,72.25,8.7875,1014.25
2014-02-22,4.077376607575022,85.625,6.250000000000001,1017.375
2014-02-23,4.06201920231798,80.0,7.887500000000001,1019.375
2014-02-24,4.046603514059662,69.375,5.3375,1018.625
2014-02-25,4.257346591481601,69.0,0.925,1017.25
2014-02-26,4.330127018922194,71.125,2.0875,1014.25
2014-02-27,4.315669125408017,76.625,7.175000000000001,1013.125
2014-02-28,3.952847075210474,88.375,5.799999999999999,1013.125
2014-03-01,4.0178174601214955,87.28571428571429,4.242857142857143,1015.2857142857144
2014-03-02,4.0155946010522525,79.0,5.7875000000000005,1017.125
2014-03-03,4.227883631321941,65.625,3.7,1016.25
2014-03-04,4.330127018922194,66.375,3.7125,1016.5
2014-03-05,4.344536799245692,67.0,5.325000000000001,1016.125
2014-03-06,4.286607049870562,64.0,4.6375,1016.375
2014-03-07,4.301162633521313,62.875,6.7125,1017.125
2014-03-08,4.458138625031752,63.875,9.9625,1017.0
2014-03-09,4.69041575982343,56.625,7.65,1014.5
2014-03-10,4.47213595499958,63.875,10.8875,1014.375
2014-03-11,4.551294949163998,70.0,15.6,1013.7142857142856
2014-03-12,4.47213595499958,68.875,6.4875,1016.25
2014-03-13,4.358898943540674,60.625,9.95,1016.25
2014-03-14,4.430011286667337,61.25,5.800000000000001,1015.0
2014-03-15,4.650268809434569,62.625,2.7875,1016.375
2014-03-16,4.808846015417836,58.5,6.25,1015.375
2014-03-17,5.123475382979799,52.125,6.7125,1011.25
2014-03-18,4.9856938190329,53.42857142857143,9.8,1012.8571428571428
2014-03-19,4.663689526544408,57.375,10.1875,1013.25
2014-03-20,4.636809247747852,55.0,7.4,1010.75
2014-03-21,4.743416490252569,64.75,5.3375,1007.125
2014-03-22,5.0,59.5,3.0125,1007.0
2014-03-23,4.769696007084728,61.875,9.025,1010.625
2014-03-24,4.7302219821061255,73.125,9.4875,1011.625
2014-03-25,4.962358310319802,60.25,2.775,1010.5
2014-03-26,5.0124844139408555,58.875,2.7750000000000004,1010.625
2014-03-27,4.847679857416329,63.25,4.8875,1011.75
2014-03-28,4.942526826287484,67.57142857142857,4.5,1011.1428571428572
2014-03-29,5.086747487343951,55.625,8.35,1011.25
2014-03-30,4.911720676097125,46.75,13.9,1009.875
2014-03-31,4.911720676097125,44.125,13.2,1008.25
2014-04-01,4.987484335815001,45.75,9.7125,1006.125
2014-04-02,5.172040216394301,43.375,7.175,1005.75
2014-04-03,5.0,48.0,10.425,1010.375
2014-04-04,5.0849919230164815,47.85714285714285,11.914285714285716,1009.8571428571428
2014-04-05,5.232112384114087,44.0,9.2625,1008.875
2014-04-06,5.488624600025037,45.25,6.7125,1007.5
2014-04-07,5.220153254455275,47.625,12.9625,1009.625
2014-04-08,5.07444578254611,41.875,12.725,1010.375
2014-04-09,5.07444578254611,35.25,12.7375,1010.25
2014-04-10,5.135659646043535,29.25,12.500000000000002,1010.875
2014-04-11,5.30498417932204,29.0,10.05714285714286,1008.5714285714286
2014-04-12,5.3967582862307255,39.875,5.1000000000000005,1007.125
2014-04-13,5.18411033833193,40.375,15.5125,1009.625
2014-04-14,5.25594901040716,46.625,5.3500000000000005,1010.625
2014-04-15,5.385164807134504,48.125,2.55,1009.125
2014-04-16,5.208166663999915,53.625,4.4,1008.25
2014-04-17,5.135659646043535,49.625,9.25,1007.0
2014-04-18,4.924428900898052,64.375,14.3375,1011.625
2014-04-19,5.062114182829147,57.875,5.1,1011.375
2014-04-20,5.196152422706632,48.0,4.6375,1010.5
2014-04-21,5.291502622129181,33.125,8.8125,1010.0
2014-04-22,5.4198708471697,29.375,12.5,1011.75
2014-04-23,5.3967582862307255,37.0,6.025,1009.0
2014-04-24,5.4198708471697,35.875,7.875,1005.875
2014-04-25,5.533985905294664,34.375,8.1125,1006.125
2014-04-26,5.612486080160912,32.0,8.1125,1006.375
2014-04-27,5.533985905294664,30.0,8.350000000000001,1007.125
2014-04-28,5.612486080160912,27.875,10.1875,1005.625
2014-04-29,5.667892024377317,28.875,8.325,1003.875
2014-04-30,5.766281297335398,25.5,5.3375,1003.75
2014-05-01,5.905505905508858,22.5,9.7375,1001.5
2014-05-02,5.863019699779287,24.75,6.4875,1001.875
2014-05-03,5.634713834792322,33.375,6.475,1003.625
2014-05-04,5.645794895318107,34.375,5.8,1003.0
2014-05-05,5.454356057317857,53.25,9.0375,1005.75
2014-05-06,5.437961803049794,51.142857142857146,6.885714285714287,1006.8571428571428
2014-05-07,5.634713834792322,48.625,1.85,1004.25
2014-05-08,5.60133912560202,43.0,10.6625,1002.625
2014-05-09,5.522680508593631,39.625,6.487500000000001,1000.4285714285714
2014-05-10,5.477225575051661,37.625,7.8875,1000.75
2014-05-11,5.44288526426931,40.375,7.65,1004.0
2014-05-12,5.291502622129181,53.375,10.8875,1004.875
2014-05-13,5.024937810560445,65.75,9.9625,1008.375
2014-05-14,5.18411033833193,55.25,8.575000000000001,1006.5
2014-05-15,5.431390245600108,39.875,11.125,1004.25
2014-05-16,5.578978401105349,40.25,9.4875,1003.5
2014-05-17,5.465802777268862,47.625,7.175000000000001,1007.0
2014-05-18,5.612486080160912,35.375,13.9,1007.375
2014-05-19,5.689903338370521,29.5,11.575000000000005,1006.625
2014-05-20,5.578978401105349,34.0,7.6375,1006.625
2014-05-21,5.744562646538029,32.5,9.7125,1002.125
2014-05-22,5.766281297335398,33.375,11.1125,999.5
2014-05-23,5.88430114796991,32.75,6.901900350938872,1000.0
2014-05-24,5.612486080160912,50.5,6.725,1004.125
2014-05-25,5.612486080160912,43.25,16.4375,1005.5
2014-05-26,5.488624600025037,54.125,4.175,1007.125
2014-05-27,5.645794895318107,49.75,2.55,1004.75
2014-05-28,5.798706752371601,44.5,3.95,1001.25
2014-05-29,5.937171043518958,40.125,4.4,999.375
2014-05-30,5.755432216610669,44.5,11.5875,999.5714285714286
2014-05-31,5.88430114796991,39.0,6.4875,999.625
2014-06-01,5.722761571129799,34.25,16.2,1003.25
2014-06-02,5.722761571129799,41.375,4.6375,1003.25
2014-06-03,5.905505905508858,33.625,6.487500000000001,1000.0
2014-06-04,5.937171043518958,33.125,7.1875,998.125
2014-06-05,6.072478900745559,26.875,8.5625,996.125
2014-06-06,6.123724356957945,27.625,10.2,994.875
2014-06-07,6.2048368229954285,22.75,13.1875,994.0
2014-06-08,6.1339220731926485,26.25,6.7250000000000005,993.125
2014-06-09,6.154266812545585,32.125,6.025,993.125
2014-06-10,6.103277807866851,20.875,12.0375,994.75
2014-06-11,6.1339220731926485,23.125,14.8125,995.625
2014-06-12,5.733672470589857,39.25,6.901900350938872,997.0
2014-06-13,5.5,55.125,16.6625,997.625
2014-06-14,5.522680508593631,66.875,6.487500000000001,997.375
2014-06-15,5.820223363411408,52.0,8.1,997.125
2014-06-16,6.031169040907409,41.375,10.8875,995.625
2014-06-17,6.072478900745559,42.125,15.9625,994.125
2014-06-18,5.820223363411408,58.0,10.425,994.25
2014-06-19,5.979130371550699,47.875,10.8875,993.25
2014-06-20,6.164414002968976,36.125,6.901900350938872,991.375
2014-06-21,6.072478900745559,40.125,9.7375,993.875
2014-06-22,5.873670062235365,46.75,4.4,996.375
2014-06-23,5.667892024377317,49.75,6.7125,996.25
2014-06-24,5.744562646538029,46.25,10.1875,995.5
2014-06-25,5.678908345800274,53.25,13.2,997.625
2014-06-26,5.70087712549569,60.375,3.2375,1001.0
2014-06-27,5.894913061275798,48.5,9.4875,1001.625
2014-06-28,5.905505905508858,49.0,5.7875,999.375
2014-06-29,5.744562646538029,57.75,9.7125,997.75
2014-06-30,5.656854249492381,67.75,3.25,997.5
2014-07-01,5.60133912560202,65.125,6.25,1000.875
2014-07-02,5.431390245600108,71.375,5.787500000000001,1001.125
2014-07-03,5.373546315051169,75.125,5.0875,998.2857142857144
2014-07-04,5.602578771323871,69.0,4.333333333333333,998.7777777777778
2014-07-05,5.891169862849074,52.05882352941177,9.202941176470588,1000.7058823529412
2014-07-06,5.533985905294664,61.125,3.7125,1000.5
2014-07-07,5.830951894845301,48.75,5.5625,998.25
2014-07-08,5.916079783099616,39.5,9.725,996.875
2014-07-09,6.0,37.125,13.65,996.5
2014-07-10,6.010407640085654,38.75,11.3375,996.875
2014-07-11,6.051859218455102,38.625,8.7875,996.125
2014-07-12,5.989574275355469,51.375,5.3375,996.0
2014-07-13,5.623610939600996,69.75,6.025,998.0
2014-07-14,5.689903338370521,67.875,6.725,997.125
2014-07-15,5.755432216610669,62.625,8.825000000000001,996.0
2014-07-16,5.7118298293979315,63.0,10.45,997.25
2014-07-17,5.545268253204709,74.25,6.7250000000000005,996.125
2014-07-18,5.220153254455275,83.875,2.55,994.875
2014-07-19,5.465802777268862,71.0,6.25,995.125
2014-07-20,5.5565276927232174,68.875,6.262499999999999,996.75
2014-07-21,5.667892024377317,65.5,4.65,996.0
2014-07-22,5.623610939600996,69.75,7.175,997.0
2014-07-23,5.533985905294664,72.875,8.1125,997.75
2014-07-24,5.522680508593631,63.625,12.0375,998.7142857142856
2014-07-25,5.545268253204709,63.25,9.9625,1000.75
2014-07-26,5.70087712549569,61.5,7.175,1001.875
2014-07-27,5.631543812693436,65.42857142857143,6.25,1001.875
2014-07-28,5.477225575051661,75.75,6.901900350938872,999.375
2014-07-29,5.5,69.875,5.7875000000000005,999.25
2014-07-30,5.645794895318107,65.75,4.175000000000001,999.5714285714286
2014-07-31,5.70087712549569,65.75,7.425,999.625
2014-08-01,5.766281297335398,59.5,6.500000000000001,998.0
2014-08-02,5.488624600025037,77.75,0.925,997.125
2014-08-03,5.612486080160912,66.25,5.7875000000000005,995.375
2014-08-04,5.522680508593631,69.75,5.1000000000000005,996.125
2014-08-05,5.454356057317857,77.5,1.85,997.5
2014-08-06,5.667892024377317,65.0,5.5625,996.875
2014-08-07,5.578978401105349,65.375,6.949999999999999,997.0
2014-08-08,5.5677643628300215,67.875,6.012500000000001,998.375
2014-08-09,5.4069671829637596,80.47058823529412,6.652941176470588,1001.6470588235294
2014-08-10,5.338539126015656,89.90625,5.2250000000000005,1002.15625
2014-08-11,5.578978401105349,72.125,3.0125,999.875
2014-08-12,5.667892024377317,57.5,8.3375,998.75
2014-08-13,5.667892024377317,57.71428571428572,6.901900350938872,998.25
2014-08-14,5.5113519212621505,57.5,6.901900350938872,997.375
2014-08-15,5.578978401105349,54.875,14.5875,998.875
2014-08-16,5.516209878945092,59.85714285714285,8.35,1002.5
2014-08-17,5.60133912560202,53.875,7.1875,1003.25
2014-08-18,5.645794895318107,56.625,5.5625,1005.375
2014-08-19,5.744562646538029,52.42857142857143,6.885714285714286,1004.8571428571428
2014-08-20,5.766281297335398,47.125,8.7875,1002.375
2014-08-21,5.70087712549569,43.0,10.8875,1001.25
2014-08-22,5.744562646538029,47.125,8.5625,1002.8571428571428
2014-08-23,5.755432216610669,45.75,9.2625,1003.25
2014-08-24,5.755432216610669,46.25,11.35,1002.875
2014-08-25,5.820223363411408,46.625,7.874999999999999,1002.375
2014-08-26,5.841660722773962,40.25,9.9625,1001.375
2014-08-27,5.8186891012618,44.71428571428572,8.112499999999999,1001.125
2014-08-28,5.44288526426931,67.75,6.7250000000000005,1003.75
2014-08-29,5.5113519212621505,69.25,3.7,1003.5
2014-08-30,5.350233639758174,78.125,4.1625,1002.625
2014-08-31,5.25594901040716,86.125,4.4125,1001.25
2014-09-01,5.42481072744215,65.85714285714286,15.5125,1001.125
2014-09-02,5.408326913195984,71.0,10.425,1001.875
2014-09-03,5.350233639758174,77.875,15.0375,1001.4285714285714
2014-09-04,5.2796780204857185,80.75,9.275,1000.375
2014-09-05,5.1478150704935,85.75,8.337499999999999,1000.1428571428572
2014-09-06,5.338539126015656,76.875,2.0875,1002.375
2014-09-07,5.5677643628300215,67.625,1.4,1003.25
2014-09-08,5.5901699437494745,66.375,3.475,1003.125
2014-09-09,5.5677643628300215,70.125,1.85,1002.375
2014-09-10,5.361902647381804,77.5,4.875,1003.25
2014-09-11,5.154748157905347,85.71428571428571,6.901900350938872,1005.5714285714286
2014-09-12,5.338539126015656,73.0,1.625,1005.125
2014-09-13,5.4198708471697,68.25,4.1625,1004.0
2014-09-14,5.3967582862307255,65.5,6.712500000000001,1004.25
2014-09-15,5.44288526426931,63.125,6.7125,1004.25
2014-09-16,5.533985905294664,65.125,6.25,1002.25
2014-09-17,5.533985905294664,61.875,7.4,1002.125
2014-09-18,5.522680508593631,62.375,6.7125,1003.875
2014-09-19,5.5677643628300215,56.625,4.175000000000001,1003.5
2014-09-20,5.578978401105349,55.75,4.4,1002.875
2014-09-21,5.522680508593631,54.875,5.5625,1003.625
2014-09-22,5.533985905294664,50.0,13.437499999999998,1004.5
2014-09-23,5.5677643628300215,47.0,6.901900350938872,1004.2857142857144
2014-09-24,5.44288526426931,53.0,8.1,1006.25
2014-09-25,5.477225575051661,52.5,9.725,1007.75
2014-09-26,5.477225575051661,52.5,5.7875,1008.125
2014-09-27,5.522680508593631,46.875,8.799999999999999,1009.25
2014-09-28,5.5,48.875,7.175,1009.625
2014-09-29,5.522680508593631,48.75,7.4125,1009.125
2014-09-30,5.533985905294664,50.125,6.712500000000001,1009.625
2014-10-01,5.516209878945092,52.85714285714285,3.171428571428572,1010.4285714285714
2014-10-02,5.5113519212621505,53.375,2.7875,1009.125
2014-10-03,5.522680508593631,52.625,1.85,1008.0
2014-10-04,5.5677643628300215,53.5,0.0,1008.5
2014-10-05,5.533985905294664,56.125,0.0,1010.375
2014-10-06,5.533985905294664,56.75,0.0,1010.125
2014-10-07,5.5677643628300215,59.375,1.1625,1008.375
2014-10-08,5.361902647381804,52.75,3.7125,1009.875
2014-10-09,5.25594901040716,49.875,3.2375,1010.125
2014-10-10,5.208166663999915,57.375,3.2375000000000003,1008.75
2014-10-11,5.0709255283711,57.142857142857146,6.9375,1008.25
2014-10-12,5.0990195135927845,58.625,0.4625,1008.375
2014-10-13,5.25594901040716,59.75,8.799999999999999,1009.875
2014-10-14,4.949747468305833,67.625,5.325000000000001,1010.875
2014-10-15,4.949747468305833,68.0,3.2625,1013.375
2014-10-16,4.795831523312719,58.875,4.862500000000001,1014.0
2014-10-17,5.0,47.66666666666666,6.901900350938872,1013.625
2014-10-18,4.898979485566356,56.142857142857146,6.901900350938872,1012.875
2014-10-19,4.873397172404482,57.75,4.1625,1012.625
2014-10-20,4.9749371855331,55.625,4.4,1013.125
2014-10-21,5.062114182829147,56.125,2.0875,1014.625
2014-10-22,5.07444578254611,64.875,0.4625,1014.5
2014-10-23,5.024937810560445,66.0,0.925,1012.75
2014-10-24,5.049752469181039,67.5,1.85,1011.75
2014-10-25,5.024937810560445,67.125,0.925,1012.375
2014-10-26,5.0124844139408555,65.5,2.0875000000000004,1014.875
2014-10-27,4.987484335815001,62.875,1.8625,1013.75
2014-10-28,5.0124844139408555,64.75,2.5625,1012.0
2014-10-29,4.9749371855331,65.75,1.625,1012.125
2014-10-30,4.886205071423016,61.375,1.85,1014.5
2014-10-31,4.834769901453429,58.25,3.7125,1013.625
2014-11-01,4.743416490252569,50.875,5.325000000000001,1014.125
2014-11-02,4.782781617427248,49.125,7.1875,1014.5
2014-11-03,4.834769901453429,52.75,4.1625,1013.5
2014-11-04,4.860555523805895,56.625,3.9375,1012.125
2014-11-05,4.769696007084728,56.25,4.625,1012.375
2014-11-06,4.795831523312719,56.25,6.25,1011.625
2014-11-07,4.898979485566356,66.125,2.3125,1012.875
2014-11-08,4.886205071423016,66.25,1.625,1014.625
2014-11-09,4.911720676097125,56.375,4.1625,1015.125
2014-11-10,4.623310502226732,52.125,3.4750000000000005,1014.0
2014-11-11,4.387482193696061,55.125,2.325,1014.75
2014-11-12,4.430011286667337,52.0,2.3125,1015.875
2014-11-13,4.301162633521313,50.5,3.2375,1016.5
2014-11-14,4.286607049870562,43.0,7.4125,1016.375
2014-11-15,4.315669125408017,44.75,2.775,1014.875
2014-11-16,4.272001872658765,47.625,2.55,1015.375
2014-11-17,4.2130748865881795,51.75,2.7750000000000004,1016.125
2014-11-18,4.198213905936666,53.0,2.0875,1017.875
2014-11-19,4.183300132670378,58.125,1.1625,1016.5
2014-11-20,4.513867521316947,54.625,3.0250000000000004,1013.375
2014-11-21,4.272001872658765,62.125,3.2375,1012.75
2014-11-22,4.458138625031752,58.875,1.625,1011.375
2014-11-23,4.138236339311712,57.375,1.3875,1014.625
2014-11-24,4.107919181288746,52.25,4.175000000000001,1016.0
2014-11-25,4.06201920231798,51.5,2.55,1014.875
2014-11-26,4.430011286667337,51.0,5.550000000000001,1009.875
2014-11-27,4.257346591481601,63.875,0.0,1011.75
2014-11-28,4.401704215414752,67.375,0.0,1012.5
2014-11-29,4.5,67.625,0.0,1012.375
2014-11-30,4.444097208657794,54.75,2.55,1014.0
2014-12-01,4.47213595499958,42.625,8.799999999999999,1013.75
2014-12-02,4.623310502226732,47.625,7.875000000000001,1012.75
2014-12-03,5.0,66.57142857142857,11.37142857142857,1007.0
2014-12-04,4.6097722286464435,68.875,4.862500000000001,1010.375
2014-12-05,4.2130748865881795,59.875,2.55,1017.125
2014-12-06,4.272001872658765,48.875,4.8625,1016.375
2014-12-07,4.153311931459037,48.375,4.862500000000001,1014.75
2014-12-08,4.123105625617661,49.875,2.775,1015.0
2014-12-09,3.909694909544003,67.57142857142857,0.0,1016.8571428571428
2014-12-10,4.636809247747852,65.5,4.8625,1010.5
2014-12-11,4.430011286667337,70.5,3.25,1011.625
2014-12-12,4.183300132670378,65.625,0.4625,1014.375
2014-12-13,4.0,71.875,8.8,1016.125
2014-12-14,4.107919181288746,86.625,3.95,1014.5
2014-12-15,4.077376607575022,75.75,2.325,1016.125
2014-12-16,4.2130748865881795,72.375,7.425000000000001,1017.375
2014-12-17,3.588175023601831,72.125,6.4875,1020.25
2014-12-18,3.427827300200522,79.75,3.0125,1021.375
2014-12-19,3.427827300200522,81.75,0.4625,1022.125
2014-12-20,3.3541019662496847,77.0,5.800000000000001,1018.75
2014-12-21,3.082207001484488,79.125,0.925,1018.0
2014-12-22,3.0618621784789726,85.0,1.3875000000000002,1017.125
2014-12-23,3.1024184114977142,78.625,1.625,1017.875
2014-12-24,3.142451272494134,83.0,3.4750000000000005,1021.25
2014-12-25,3.0413812651491097,81.125,8.100000000000001,1020.125
2014-12-26,3.278719262151,77.0,7.6375,1017.75
2014-12-27,3.2210246816812815,69.0,2.775,1018.625
2014-12-28,3.0,86.0,0.7,1019.75
2014-12-29,3.3354160160315836,72.625,1.3875,1017.25
2014-12-30,3.409545424246464,70.625,2.55,1014.625
2014-12-31,3.517811819867572,67.125,2.7875,1016.875
2015-01-01,3.840572873934304,72.0,0.925,1017.5
2015-01-02,3.856812155135378,96.625,3.0125,1017.875
2015-01-03,3.8890872965260113,92.0,0.925,1017.375
2015-01-04,3.758324094593227,78.75,9.5125,1019.625
2015-01-05,3.7416573867739413,69.375,15.05,1016.0
2015-01-06,3.4641016151377544,79.875,4.4,1015.5
2015-01-07,3.1024184114977142,86.0,3.9375,1016.625
2015-01-08,3.1622776601683795,87.875,3.4875,1019.125
2015-01-09,3.2596012026013246,80.625,1.625,1020.125
2015-01-10,3.3354160160315836,73.125,4.4125000000000005,1018.875
2015-01-11,3.3166247903554,80.75,4.8625,1019.125
2015-01-12,3.2596012026013246,79.5,0.925,1019.5
2015-01-13,3.5,77.875,4.875,1017.125
2015-01-14,3.4641016151377544,82.25,5.1000000000000005,1017.5
2015-01-15,3.517811819867572,79.125,0.925,1019.375
2015-01-16,3.605551275463989,78.125,4.6375,1019.25
2015-01-17,3.6742346141747673,76.625,1.8625,1019.25
2015-01-18,3.605551275463989,73.875,2.5500000000000003,1018.75
2015-01-19,3.7080992435478315,78.0,1.85,1018.875
2015-01-20,3.6571847095819483,74.375,7.1875,1020.0
2015-01-21,3.640054944640259,73.375,3.7,1021.0
2015-01-22,3.553167600887974,94.125,3.2375,1020.625
2015-01-23,3.824264635194589,85.0,1.1625,1020.0
2015-01-24,3.517811819867572,86.25,9.7375,1020.75
2015-01-25,3.640054944640259,77.75,4.1625,1020.375
2015-01-26,3.7080992435478315,88.125,0.925,1019.875
2015-01-27,3.640054944640259,74.25,5.3375,1019.3333333333334
2015-01-28,3.4226138716316967,67.0,6.901900350938872,1018.25
2015-01-29,3.391164991562634,67.5,3.9375,1019.75
2015-01-30,3.570714214271425,56.125,12.0375,1020.375
2015-01-31,3.7080992435478315,57.625,9.025,1017.875
2015-02-01,3.872983346207417,65.25,5.1000000000000005,1017.75
2015-02-02,4.168333000133266,63.875,11.8125,1017.5
2015-02-03,4.092676385936225,71.25,7.175000000000002,1020.5
2015-02-04,3.824264635194589,81.125,9.25,1022.0
2015-02-05,3.824264635194589,62.875,7.399999999999999,1019.25
2015-02-06,3.8890872965260113,62.625,3.0125,1019.0
2015-02-07,3.984344362627307,67.625,1.85,1017.0
2015-02-08,4.077376607575022,63.875,4.4125000000000005,1017.375
2015-02-09,4.107919181288746,63.5,5.55,1019.75
2015-02-10,3.968626966596886,64.0,4.625,1019.75
2015-02-11,4.0,66.625,1.85,1017.125
2015-02-12,3.9370039370059056,69.625,6.025,1016.125
2015-02-13,4.153311931459037,59.0,6.725,1012.625
2015-02-14,4.401704215414752,63.125,4.1625,1009.625
2015-02-15,4.344536799245692,70.125,1.3875000000000002,1012.625
2015-02-16,4.541475531146237,71.25,10.425,1013.625
2015-02-17,4.59813626840888,72.57142857142857,5.028571428571429,1011.8571428571428
2015-02-18,4.6097722286464435,72.875,5.1000000000000005,1011.75
2015-02-19,4.769696007084728,73.5,7.65,1012.0
2015-02-20,4.769696007084728,67.125,7.187500000000001,1013.875
2015-02-21,4.677071733467427,63.5,11.3375,1014.125
2015-02-22,4.705619740571601,58.85714285714285,14.812499999999998,1013.375
2015-02-23,4.636809247747852,74.375,3.0250000000000004,1014.25
2015-02-24,4.782781617427248,72.375,6.0375,1010.625
2015-02-25,4.808846015417836,58.625,6.5,1008.5
2015-02-26,4.47213595499958,34.375,6.7125,1009.875
2015-02-27,4.387482193696061,43.125,5.800000000000001,1013.0
2015-02-28,4.6097722286464435,45.5,6.950000000000001,1013.0
2015-03-01,4.168333000133266,92.75,14.8125,1011.125
2015-03-02,4.183300132670378,89.875,6.725,1012.5
2015-03-03,4.031128874149275,82.5,5.5625,1013.75
2015-03-04,4.092676385936225,69.25,6.7125,1014.0
2015-03-05,4.330127018922194,64.0,3.7,1015.75
2015-03-06,4.47213595499958,62.375,5.0875,1016.375
2015-03-07,4.286607049870562,80.375,4.175,1013.7142857142856
2015-03-08,4.415880433163924,74.125,7.8875,1015.375
2015-03-09,4.257346591481601,54.25,12.2625,1021.0
2015-03-10,4.2130748865881795,68.5,8.5625,1019.125
2015-03-11,4.272001872658765,69.875,6.025,1018.125
2015-03-12,4.527692569068709,63.375,5.325000000000001,1017.0
2015-03-13,4.623310502226732,65.25,4.175000000000001,1014.75
2015-03-14,4.636809247747852,64.625,7.875,1015.125
2015-03-15,4.198213905936666,89.125,11.575,1015.5
2015-03-16,4.456135417280635,81.85714285714286,8.5625,1017.375
2015-03-17,4.568916720624267,70.375,13.2,1015.875
2015-03-18,4.5,69.625,12.2625,1013.5
2015-03-19,4.596194077712559,66.0,5.3375,1014.875
2015-03-20,4.743416490252569,65.75,9.025,1014.875
2015-03-21,4.987484335815001,60.5,5.7875,1014.875
2015-03-22,5.0124844139408555,64.0,10.2,1012.0
2015-03-23,4.9749371855331,65.75,7.637499999999999,1010.0
2015-03-24,5.07444578254611,65.5,1.3875000000000002,1010.25
2015-03-25,5.1599418601375735,65.625,2.55,1011.8571428571428
2015-03-26,5.338539126015656,54.375,9.2625,1013.0
2015-03-27,5.232112384114087,51.375,7.65,1012.0
2015-03-28,5.196152422706632,53.625,3.7125,1009.625
2015-03-29,5.0,52.75,13.1875,1008.625
2015-03-30,4.847679857416329,66.25,14.8125,1010.375
2015-03-31,5.024937810560445,64.875,3.7,1010.1428571428572
2015-04-01,5.140872632984737,59.71428571428572,6.7125,1007.5
2015-04-02,5.358571238146015,45.285714285714285,10.175,1004.625
2015-04-03,4.949747468305833,71.125,6.9625,1004.75
2015-04-04,4.58257569495584,77.5,1.3875000000000002,1005.25
2015-04-05,4.8550415622761225,67.71428571428571,17.6,1007.75
2015-04-06,5.0,60.125,2.775,1007.75
2015-04-07,4.873397172404482,62.125,9.7375,1010.25
2015-04-08,5.062114182829147,50.375,6.712500000000001,1012.0
2015-04-09,5.0990195135927845,52.875,9.0375,1010.5
2015-04-10,5.208166663999915,52.25,6.25,1008.5
2015-04-11,5.315072906367325,44.875,8.1,1008.375
2015-04-12,4.937104414532874,63.0,5.325,1012.375
2015-04-13,4.9749371855331,70.875,6.950000000000001,1013.75
2015-04-14,5.123475382979799,62.75,3.0125,1012.75
2015-04-15,5.25594901040716,59.25,5.7875000000000005,1012.875
2015-04-16,5.024937810560445,58.25,8.1125,1013.875
2015-04-17,5.303300858899107,48.75,8.3375,1007.125
2015-04-18,5.488624600025037,44.5,5.562500000000001,1002.375
2015-04-19,5.667892024377317,41.0,4.175,1003.875
2015-04-20,5.733672470589857,37.875,7.1875,1005.75
2015-04-21,5.634713834792322,28.5,11.1125,1005.625
2015-04-22,5.545268253204709,30.25,11.349999999999998,1003.125
2015-04-23,5.545268253204709,33.0,8.1,1004.0
2015-04-24,5.578978401105349,39.5,2.5500000000000003,1004.375
2015-04-25,5.522680508593631,43.125,12.975,1005.875
2015-04-26,5.361902647381804,51.125,15.7375,1008.0
2015-04-27,5.488624600025037,53.0,17.5875,1006.75
2015-04-28,5.5677643628300215,48.25,12.5125,1004.5
2015-04-29,5.5901699437494745,47.25,9.025,1005.0
2015-04-30,5.7118298293979315,44.75,15.05,1004.0
2015-05-01,5.5901699437494745,43.5,5.3375,1005.875
2015-05-02,5.488624600025037,40.25,4.4,1006.25
2015-05-03,5.5677643628300215,39.25,3.0125,1006.625
2015-05-04,5.5565276927232174,39.25,3.9375,1006.625
2015-05-05,5.667892024377317,31.125,7.649999999999999,1003.875
2015-05-06,5.841660722773962,22.0,11.3625,1001.875
2015-05-07,5.9521904731427595,60.429086599529164,15.342857142857143,1003.5714285714286
2015-05-08,5.841660722773962,22.375,12.275,1003.25
2015-05-09,5.926634795564849,27.0,8.3375,1001.625
2015-05-10,5.926634795564849,25.0,6.9625,1001.375
2015-05-11,5.830951894845301,32.625,10.8875,1003.625
2015-05-12,5.755432216610669,46.0,6.0375000000000005,1004.875
2015-05-13,5.267826876426369,61.0,6.7125,1006.125
2015-05-14,5.44288526426931,49.625,4.4125,1007.25
2015-05-15,5.338539126015656,52.125,7.175000000000001,1006.5
2015-05-16,5.477225575051661,51.625,4.1625,1003.25
2015-05-17,5.766281297335398,40.375,8.35,1001.125
2015-05-18,5.947688626685159,35.75,5.562500000000001,1000.0
2015-05-19,5.612486080160912,44.0,14.812500000000002,1002.125
2015-05-20,5.755432216610669,31.625,14.6,1002.0
2015-05-21,5.968668193156661,24.625,11.3375,1000.375
2015-05-22,6.020797289396148,19.5,12.5125,998.125
2015-05-23,6.113509630318742,21.75,12.725,996.125
2015-05-24,6.0,29.25,5.1000000000000005,997.375
2015-05-25,6.144102863722254,22.25,10.875,996.875
2015-05-26,5.937171043518958,26.625,17.125,1001.5
2015-05-27,5.809475019311125,20.5,6.7125,1001.25
2015-05-28,5.894913061275798,29.5,8.3375,1000.625
2015-05-29,5.926634795564849,27.25,8.125,1001.625
2015-05-30,5.678908345800274,38.75,12.2625,1003.875
2015-05-31,5.852349955359813,25.0,14.5875,1001.75
2015-06-01,5.4198708471697,41.75,12.5125,1003.25
2015-06-02,5.623610939600996,39.25,8.575,1003.5
2015-06-03,5.350233639758174,50.5,6.7250000000000005,1004.625
2015-06-04,5.645794895318107,48.375,4.8625,1004.0
2015-06-05,5.7118298293979315,39.875,6.0125,1003.5
2015-06-06,5.777110004145672,39.75,7.862500000000001,1001.375
2015-06-07,5.916079783099616,36.25,7.175000000000001,999.25
2015-06-08,6.041522986797286,33.0,6.25,998.875
2015-06-09,6.1339220731926485,23.875,6.901900350938872,998.875
2015-06-10,6.051859218455102,32.285714285714285,6.901900350938872,999.625
2015-06-11,5.968668193156661,34.75,6.901900350938872,1000.0
2015-06-12,5.989574275355469,34.625,12.7375,998.5
2015-06-13,5.578978401105349,48.125,10.1875,998.8571428571428
2015-06-14,5.196152422706632,77.625,3.95,1000.2857142857144
2015-06-15,5.5677643628300215,60.75,3.0125,999.5714285714286
2015-06-16,5.689903338370521,52.125,2.7875,999.1428571428572
2015-06-17,5.820223363411408,49.75,3.25,998.0
2015-06-18,5.926634795564849,45.125,3.0125,997.625
2015-06-19,5.989574275355469,46.75,8.575,996.25
2015-06-20,5.755432216610669,48.5,12.975,997.875
2015-06-21,5.5113519212621505,63.625,8.1125,998.125
2015-06-22,5.667892024377317,59.5,4.4,995.625
2015-06-23,5.612486080160912,61.625,6.012500000000001,995.0
2015-06-24,6.103277807866851,63.875,6.5,995.375
2015-06-25,5.1599418601375735,82.75,6.2625,994.75
2015-06-26,5.578978401105349,54.25,11.5625,995.25
2015-06-27,5.7118298293979315,48.25,14.1125,997.125
2015-06-28,5.852349955359813,47.5,9.0375,1000.2857142857144
2015-06-29,5.578978401105349,56.625,11.562500000000002,1003.625
2015-06-30,5.5565276927232174,58.625,9.9625,1002.625
2015-07-01,5.656854249492381,53.25,4.175000000000001,1001.875
2015-07-02,5.809475019311125,45.875,6.949999999999999,1001.125
2015-07-03,5.744562646538029,49.0,14.35,999.625
2015-07-04,5.841660722773962,51.5,16.900000000000002,997.5
2015-07-05,5.976143046671968,47.285714285714285,14.014285714285714,995.4285714285714
2015-07-06,5.2796780204857185,83.25,9.275,997.875
2015-07-07,5.303300858899107,86.125,1.85,998.125
2015-07-08,5.5901699437494745,72.0,2.7750000000000004,998.625
2015-07-09,5.44288526426931,77.25,2.55,998.625
2015-07-10,5.1599418601375735,92.125,6.025,998.75
2015-07-11,5.049752469181039,98.0,3.2375000000000003,999.3333333333334
2015-07-12,5.049752469181039,94.75,7.425000000000001,998.625
2015-07-13,5.465802777268862,73.125,4.8625,1000.625
2015-07-14,5.5565276927232174,67.875,10.875,997.8571428571428
2015-07-15,5.777110004145672,52.875,17.137500000000003,993.75
2015-07-16,5.634713834792322,61.375,13.437499999999998,994.75
2015-07-17,5.545268253204709,75.625,4.4,997.25
2015-07-18,5.431390245600108,78.875,4.175,998.0
2015-07-19,5.488624600025037,70.0,0.7,997.625
2015-07-20,5.3967582862307255,78.0,4.8625,999.125
2015-07-21,5.60133912560202,69.25,8.125,1000.0
2015-07-22,5.678908345800274,64.125,7.875000000000002,1001.125
2015-07-23,5.667892024377317,64.875,8.575000000000001,1001.75
2015-07-24,5.656854249492381,64.75,6.7125,1001.0
2015-07-25,5.5549205986353085,71.0,6.901900350938872,998.5714285714286
2015-07-26,5.477225575051661,71.625,16.8875,998.875
2015-07-27,5.44288526426931,69.0,11.3375,1000.2857142857144
2015-07-28,5.431390245600108,61.0,11.5875,1000.125
2015-07-29,5.338539126015656,68.125,10.875,998.0
2015-07-30,5.385164807134504,67.75,9.9625,998.875
2015-07-31,5.385164807134504,71.0,4.175000000000001,999.75
2015-08-01,5.315072906367325,71.75,0.925,1002.75
2015-08-02,5.44288526426931,69.5,2.55,1003.625
2015-08-03,5.612486080160912,58.625,5.325,1001.875
2015-08-04,5.42481072744215,77.78571428571429,4.771428571428572,1000.0714285714286
2015-08-05,5.440013786747236,79.65625,8.221875,1000.28125
2015-08-06,5.431390245600108,79.125,3.0250000000000004,998.0
2015-08-07,5.408326913195984,83.0,2.3125,1000.0
2015-08-08,5.373546315051169,84.875,1.625,1002.0
2015-08-09,5.232112384114087,90.125,3.0125,1000.25
2015-08-10,5.5113519212621505,77.0,0.0,1000.0
2015-08-11,5.326818938165629,86.625,0.4625,1003.0
2015-08-12,5.545268253204709,74.25,0.0,1003.125
2015-08-13,5.656854249492381,69.5,0.4625,1001.875
2015-08-14,5.5565276927232174,72.625,3.475,1002.0
2015-08-15,5.338539126015656,85.5,0.0,1002.75
2015-08-16,5.350233639758174,82.625,1.85,1002.875
2015-08-17,5.545268253204709,72.625,0.7,1001.375
2015-08-18,5.3967582862307255,72.875,4.875,1002.5714285714286
2015-08-19,5.5901699437494745,61.25,6.901900350938872,1002.375
2015-08-20,5.545268253204709,58.625,14.6,1001.375
2015-08-21,5.4198708471697,72.0,8.575,1002.0
2015-08-22,5.5,65.375,5.800000000000001,1000.875
2015-08-23,5.465802777268862,69.375,5.5625,1000.8571428571428
2015-08-24,5.545268253204709,65.625,7.1875,1001.75
2015-08-25,5.656854249492381,57.285714285714285,10.071428571428571,1001.0
2015-08-26,5.656854249492381,61.0,4.862500000000001,1001.125
2015-08-27,5.70087712549569,61.0,5.325000000000001,1002.0
2015-08-28,5.656854249492381,63.5,2.3125,1002.25
2015-08-29,5.678908345800274,58.0,5.812500000000001,1001.375
2015-08-30,5.7118298293979315,56.5,9.275,1001.375
2015-08-31,5.644213218610974,54.42857142857143,13.485714285714286,1001.8333333333334
2015-09-01,5.667892024377317,47.625,15.275,1000.8571428571428
2015-09-02,5.645794895318107,45.625,12.7375,1001.75
2015-09-03,5.623610939600996,49.125,10.1875,1005.5
2015-09-04,5.656854249492381,42.625,11.35,1007.875
2015-09-05,5.5565276927232174,47.25,7.637499999999999,1007.125
2015-09-06,5.5901699437494745,41.8,7.6375,1006.25
2015-09-07,5.612486080160912,46.375,9.4875,1005.75
2015-09-08,5.623610939600996,47.0,11.8125,1005.5
2015-09-09,5.5677643628300215,47.875,10.1875,1005.625
2015-09-10,5.5901699437494745,46.5,8.575000000000001,1006.75
2015-09-11,5.545268253204709,49.75,6.012499999999999,1006.25
2015-09-12,5.669467095138408,54.42857142857143,3.171428571428572,1006.0
2015-09-13,5.667892024377317,55.25,1.3875000000000002,1005.875
2015-09-14,5.645794895318107,54.375,2.55,1003.625
2015-09-15,5.744562646538029,55.0,0.4625,1003.25
2015-09-16,5.689903338370521,55.0,1.4,1003.625
2015-09-17,5.60133912560202,58.375,1.1625,1004.375
2015-09-18,5.5677643628300215,67.625,7.4125,1005.125
2015-09-19,5.533985905294664,74.25,2.0875000000000004,1003.625
2015-09-20,5.398412465054624,69.14285714285714,5.557142857142858,1002.8571428571428
2015-09-21,5.488624600025037,64.5,5.800000000000002,1002.5
2015-09-22,5.5,64.375,10.187499999999998,1002.5
2015-09-23,5.350233639758174,61.25,13.675,1006.375
2015-09-24,5.315072906367325,52.375,11.575,1004.625
2015-09-25,5.338539126015656,49.375,8.575,1003.75
2015-09-26,5.408326913195984,53.5,6.25,1005.25
2015-09-27,5.358571238146015,58.142857142857146,2.9142857142857146,1007.0
2015-09-28,5.315072906367325,58.5,3.9375,1009.0
2015-09-29,5.385164807134504,54.57142857142857,9.528571428571428,1010.5714285714286
2015-09-30,5.385164807134504,46.875,8.3375,1011.375
2015-10-01,5.303300858899107,51.25,5.574999999999999,1012.0
2015-10-02,5.31843156256751,53.71428571428572,14.5875,1010.75
2015-10-03,5.477225575051661,52.333333333333336,6.901900350938872,1008.7142857142856
2015-10-04,5.385164807134504,54.375,3.0250000000000004,1008.125
2015-10-05,5.373546315051169,59.375,1.3875000000000002,1009.25
2015-10-06,5.326818938165629,61.125,4.6375,1009.0
2015-10-07,5.350233639758174,65.75,6.4750000000000005,1009.125
2015-10-08,5.326818938165629,65.125,4.4125000000000005,1007.5
2015-10-09,5.338539126015656,59.75,6.025,1004.25
2015-10-10,5.338539126015656,54.625,6.7125,1005.0
2015-10-11,5.3452248382484875,51.57142857142857,6.885714285714286,1008.7142857142856
2015-10-12,5.408326913195984,54.125,3.25,1010.0
2015-10-13,5.431390245600108,62.875,3.725000000000001,1011.0
2015-10-14,5.303300858899107,63.625,4.875000000000001,1013.25
2015-10-15,5.244044240850758,66.0,0.4625,1013.5
2015-10-16,5.2796780204857185,62.625,0.925,1013.5
2015-10-17,5.291502622129181,63.75,3.7125,1012.25
2015-10-18,5.18238775634773,71.71428571428571,11.1125,1013.125
2015-10-19,5.30498417932204,66.28571428571429,3.4571428571428577,1011.7142857142856
2015-10-20,5.264435935053794,64.85714285714286,2.9142857142857146,1009.8571428571428
2015-10-21,5.1478150704935,62.125,2.0875,1011.875
2015-10-22,4.9749371855331,56.0,4.4,1012.25
2015-10-23,4.898979485566356,51.625,4.862500000000001,1011.875
2015-10-24,4.987484335815001,53.25,1.4,1011.625
2015-10-25,5.135659646043535,47.125,5.575,1012.75
2015-10-26,5.062114182829147,52.125,5.574999999999999,1014.875
2015-10-27,4.9749371855331,54.25,3.475,1013.875
2015-10-28,4.568916720624267,57.25,7.875000000000001,1015.875
2015-10-29,4.703721930556695,63.5,1.85,1016.875
2015-10-30,4.7302219821061255,67.25,1.625,1016.375
2015-10-31,4.7302219821061255,69.375,1.1625,1016.125
2015-11-01,4.782781617427248,70.5,0.925,1016.25
2015-11-02,4.834769901453429,71.375,0.4625,1015.875
2015-11-03,4.898979485566356,67.875,0.475,1014.25
2015-11-04,4.873397172404482,69.0,0.925,1012.25
2015-11-05,4.703721930556695,75.25,5.100000000000001,1012.375
2015-11-06,4.782781617427248,74.375,2.325,1012.75
2015-11-07,4.677071733467427,74.875,1.1625,1014.625
2015-11-08,4.677071733467427,70.25,1.8625,1015.875
2015-11-09,4.663689526544408,73.625,0.7,1015.0
2015-11-10,4.769696007084728,72.625,0.7,1013.5
2015-11-11,4.677071733467427,59.5,4.6375,1014.375
2015-11-12,4.677071733467427,60.5,5.7875,1015.375
2015-11-13,4.7302219821061255,59.375,5.325,1014.875
2015-11-14,4.7302219821061255,59.625,3.475,1012.0
2015-11-15,4.743416490252569,62.0,0.0,1012.0
2015-11-16,4.677071733467427,50.375,2.7875,1012.625
2015-11-17,4.458138625031752,48.375,5.1000000000000005,1013.5
2015-11-18,4.301162633521313,57.625,4.4,1016.375
2015-11-19,4.301162633521313,64.75,0.925,1017.5
2015-11-20,4.301162633521313,66.0,0.4625,1016.125
2015-11-21,4.330127018922194,67.625,1.3875000000000002,1015.5
2015-11-22,4.315669125408017,64.875,0.4625,1015.125
2015-11-23,4.123105625617661,73.5,0.0,1015.875
2015-11-24,4.301162633521313,63.0,1.625,1016.0
2015-11-25,4.401704215414752,56.375,5.7875000000000005,1014.75
2015-11-26,4.47213595499958,59.5,0.925,1012.75
2015-11-27,4.301162633521313,66.25,2.55,1011.25
2015-11-28,4.330127018922194,82.125,1.1625,1015.375
2015-11-29,4.257346591481601,81.25,1.1625,1018.0
2015-11-30,4.415880433163924,82.375,0.925,1016.75
2015-12-01,4.387482193696061,78.75,1.625,1014.75
2015-12-02,4.257346591481601,72.125,2.0875,1016.125
2015-12-03,4.198213905936666,70.25,7.1875,1016.0
2015-12-04,4.198213905936666,67.5,4.6375,1015.0
2015-12-05,4.183300132670378,72.375,0.925,1015.875
2015-12-06,4.138236339311712,75.875,1.4,1016.5
2015-12-07,4.198213905936666,76.875,2.3125,1017.25
2015-12-08,4.292851200376205,71.28571428571429,1.0571428571428572,1015.7142857142856
2015-12-09,4.286607049870562,78.125,3.475,1015.25
2015-12-10,4.358898943540674,77.25,2.0875000000000004,1011.75
2015-12-11,4.153311931459037,77.875,5.1000000000000005,1011.375
2015-12-12,3.640054944640259,91.0,4.4,1014.25
2015-12-13,3.588175023601831,67.0,3.475,1016.5
2015-12-14,3.640054944640259,63.625,7.400000000000001,1017.0
2015-12-15,3.6228441865473595,63.875,5.325,1016.5
2015-12-16,3.605551275463989,65.5,1.1625,1016.375
2015-12-17,3.5,73.625,0.925,1016.875
2015-12-18,3.588175023601831,71.25,4.4,1018.625
2015-12-19,3.517811819867572,71.875,3.4875,1019.0
2015-12-20,3.427827300200522,70.25,1.1625,1018.5
2015-12-21,3.553167600887974,74.75,1.3875000000000002,1018.875
2015-12-22,3.4641016151377544,79.875,0.7,1020.875
2015-12-23,3.5355339059327378,81.375,3.4875000000000003,1020.625
2015-12-24,3.3541019662496847,68.625,6.025,1021.25
2015-12-25,3.391164991562634,66.125,5.5625,1022.0
2015-12-26,3.570714214271425,64.5,6.4875,1021.125
2015-12-27,3.9210967853395307,63.25,7.8875,1020.625
2015-12-28,4.138236339311712,58.125,10.8875,1020.875
2015-12-29,4.046603514059662,65.0,7.4125,1018.125
2015-12-30,3.9370039370059056,71.75,2.1,1017.5
2015-12-31,3.872983346207417,71.375,2.0875,1020.5
2016-01-01,3.835920452027872,72.28571428571429,1.0571428571428572,1021.1428571428572
2016-01-02,3.7416573867739413,75.875,2.0875,1021.0
2016-01-03,3.7914377220257753,74.75,5.112500000000001,1018.5
2016-01-04,3.968626966596886,77.125,0.0,1017.625
2016-01-05,3.9791121287711073,88.83333333333333,0.6166666666666667,1017.0
2016-01-06,4.168333000133266,81.625,2.3125,1016.5
2016-01-07,4.138236339311712,87.0,0.0,1018.125
2016-01-08,3.9370039370059056,83.25,7.887500000000001,1017.25
2016-01-09,3.9821028185046727,65.14285714285714,8.471428571428572,1015.4285714285714
2016-01-10,3.952847075210474,74.375,2.775,1017.5
2016-01-11,3.968626966596886,74.875,1.625,1017.5
2016-01-12,4.242640687119285,69.6875,6.03125,1014.9375
2016-01-13,4.273952113286562,75.8,5.08,1014.3333333333334
2016-01-14,3.944933459514875,80.4375,4.300000000000001,1016.125
2016-01-15,3.605551275463989,84.1875,10.775,1017.0
2016-01-16,3.687817782917155,80.06666666666666,11.239999999999998,1014.6
2016-01-17,3.7416573867739413,77.66666666666667,2.1066666666666665,1016.2
2016-01-18,3.642343567906063,80.46666666666667,1.4800000000000002,1014.7333333333332
2016-01-19,3.5152727998183666,88.57142857142857,4.65,1015.2857142857144
2016-01-20,3.4737107920301407,84.2,6.193333333333333,1018.6666666666666
2016-01-21,3.491060010942235,73.1875,7.887499999999998,1020.1875
2016-01-22,3.4253953543107007,83.4,3.586666666666667,1019.4666666666668
2016-01-23,3.799671038392666,75.875,3.2500000000000004,1019.8125
2016-01-24,3.344772040064913,86.25,6.624999999999999,1019.0625
2016-01-25,3.415650255319866,75.4,4.58,1017.2
2016-01-26,3.816084380618437,79.6875,2.5500000000000003,1015.375
2016-01-27,4.193248541803041,69.16666666666667,4.025,1014.1666666666666
2016-01-28,4.105745103771404,69.35714285714286,5.028571428571429,1015.0714285714286
2016-01-29,4.422951503238533,70.625,2.54375,1017.375
2016-01-30,4.488079449258573,78.5,1.2,1014.5
2016-01-31,4.168333000133266,78.25,7.762500000000001,1016.0
2016-02-01,3.980722779364804,65.76923076923077,7.269230769230768,1017.1538461538462
2016-02-02,3.9072582032246945,55.86666666666667,8.893333333333333,1018.2
2016-02-03,3.6228441865473595,66.5,7.622222222222222,1018.0
2016-02-04,4.0451991747794525,53.0,6.941666666666666,1017.3333333333334
2016-02-05,3.559026084010437,70.66666666666667,2.1666666666666665,1016.8333333333334
2016-02-06,3.9157800414902435,69.5,3.7,1013.3333333333334
2016-02-07,3.952847075210474,77.0,2.7875,1015.75
2016-02-08,4.134115273055299,67.18181818181819,5.9,1017.0909090909092
2016-02-09,4.215356541175463,67.46153846153847,5.846153846153848,1014.6923076923076
2016-02-10,4.258325179379017,64.86666666666666,2.1,1012.7333333333332
2016-02-11,4.437059837324712,54.75,6.03125,1011.25
2016-02-12,4.381780460041329,57.86666666666667,0.7466666666666666,1012.5333333333332
2016-02-13,4.131182235954578,62.13333333333333,5.806666666666668,1014.8666666666668
2016-02-14,4.200340122282616,61.92857142857143,8.071428571428571,1017.2142857142856
2016-02-15,4.1952353926806065,59.53333333333333,5.94,1018.7333333333332
2016-02-16,4.267819784654187,56.142857142857146,5.435714285714285,1020.0714285714286
2016-02-17,4.326001122779063,59.285714285714285,3.7071428571428577,1019.1428571428572
2016-02-18,4.412104562073146,76.0,5.186666666666667,1017.4
2016-02-19,4.8118443609333585,70.23076923076923,4.146153846153847,1014.6153846153846
2016-02-20,4.860555523805895,73.125,11.11875,1014.125
2016-02-21,4.58257569495584,61.125,17.137500000000003,1014.75
2016-02-22,4.58257569495584,51.42857142857143,15.20714285714286,1014.4285714285714
2016-02-23,4.6291004988627575,50.642857142857146,9.785714285714286,1012.5
2016-02-24,4.656984002549289,58.0625,2.4437500000000005,1012.9375
2016-02-25,4.75,57.5,5.3375,1015.5
2016-02-26,4.774934554525329,55.6,2.48,1018.4
2016-02-27,4.774934554525329,59.0,3.333333333333334,1018.4666666666668
2016-02-28,4.795831523312719,63.0625,3.712500000000001,1018.9375
2016-02-29,4.886205071423016,63.9375,3.712500000000001,1018.625
2016-03-01,4.9916597106239795,57.41666666666666,1.7,1015.0
2016-03-02,4.993328882953068,57.06666666666667,1.7333333333333334,1015.4
2016-03-03,5.0990195135927845,55.61538461538461,4.292307692307692,1014.6153846153846
2016-03-04,5.226136240091718,44.25,6.14375,1012.6875
2016-03-05,4.892170615721955,57.13333333333333,11.0,1012.6666666666666
2016-03-06,4.7762432936357,66.5625,5.21875,1013.0625
2016-03-07,4.869731585445518,64.14285714285714,5.171428571428572,1012.3571428571428
2016-03-08,4.840306956027833,60.21428571428572,6.742857142857142,1011.6428571428572
2016-03-09,4.898979485566356,57.5625,9.375,1012.0625
2016-03-10,5.055937104039171,57.4375,7.981249999999999,1013.1875
2016-03-11,5.00666222813829,67.8,6.546666666666667,1012.5333333333332
2016-03-12,4.956056900399752,66.9375,9.4875,1009.5625
2016-03-13,4.924428900898052,65.1875,6.84375,1011.1875
2016-03-14,4.7302219821061255,66.0,6.275,1014.3125
2016-03-15,4.905778905196061,58.93333333333333,8.646666666666667,1014.8666666666668
2016-03-16,4.892596447695231,53.75,10.88125,1012.8125
2016-03-17,5.129571132170798,50.3125,6.84375,1010.4375
2016-03-18,5.11737237261468,61.25,6.7125,1009.8125
2016-03-19,5.175491695067657,61.85714285714285,3.578571428571429,1009.2142857142856
2016-03-20,5.208966628164681,58.73333333333333,2.8466666666666667,1010.3333333333334
2016-03-21,5.1599418601375735,43.375,12.2625,1011.125
2016-03-22,5.006246098625197,37.875,6.901900350938872,1009.375
2016-03-23,5.118593556827891,43.266666666666666,10.641666666666667,1010.0
2016-03-24,5.304086474910956,46.86666666666667,3.2133333333333334,1013.3333333333334
2016-03-25,5.465802777268862,50.1875,3.3687500000000004,1013.1875
2016-03-26,4.96655480858378,62.66666666666666,9.393333333333334,1013.6
2016-03-27,5.123475382979799,53.6875,9.156249999999996,1012.8125
2016-03-28,5.092478113191389,52.8,6.546666666666667,1011.1973643220331
2016-03-29,5.208166663999915,47.75,7.293749999999999,1011.3125
2016-03-30,5.437961803049794,39.785714285714285,7.021428571428571,1011.1428571428572
2016-03-31,5.477225575051661,39.73333333333333,4.333333333333333,1009.2
2016-04-01,5.529143565818179,38.21428571428572,12.035714285714285,1006.7142857142856
2016-04-02,5.6844085004510365,38.5625,5.4625,1008.0
2016-04-03,5.771698190307598,44.25,2.55,1008.375
2016-04-04,5.7282196186948,33.125,8.0,1006.6875
2016-04-05,5.6844085004510365,29.3125,9.26875,1007.0
2016-04-06,5.60133912560202,33.125,3.475,1006.875
2016-04-07,5.471136384091822,37.0,10.85,1007.2666666666668
2016-04-08,5.409867527644892,36.0,4.686666666666667,1009.2
2016-04-09,5.5437652667959645,32.46666666666667,12.61875,1009.3125
2016-04-10,5.678908345800274,29.0,5.225,1008.8125
2016-04-11,5.458937625582473,35.0,16.04,1009.4
2016-04-12,5.495452665613635,36.2,6.901900350938872,1006.3333333333334
2016-04-13,5.634713834792322,28.0625,6.901900350938872,1003.3125
2016-04-14,5.755432216610669,23.875,10.425,1003.8125
2016-04-15,5.798706752371601,25.375,9.8375,1004.625
2016-04-16,5.973901572674261,23.6875,11.1125,1003.0625
2016-04-17,5.887840577551898,23.866666666666667,9.386666666666663,1002.6666666666666
2016-04-18,5.88430114796991,30.125,7.175,1004.6875
2016-04-19,5.830951894845301,33.6,4.566666666666666,1005.8666666666668
2016-04-20,5.836308764964376,25.9375,14.01875,1006.4375
2016-04-21,5.830951894845301,24.666666666666668,15.75,1003.4
2016-04-22,5.766281297335398,24.25,8.35,1001.7272727272727
2016-04-23,5.649483752226097,21.818181818181817,6.901900350938872,1001.8461538461538
2016-04-24,5.595757321399848,22.125,10.1875,1003.0625
2016-04-25,5.634713834792322,22.8125,6.949999999999999,1005.5625
2016-04-26,5.782516753110189,25.1875,3.83125,1007.1875
2016-04-27,5.755432216610669,29.0625,4.981249999999999,1005.6875
2016-04-28,5.844129204068486,21.76923076923077,11.823076923076922,1004.6923076923076
2016-04-29,5.837073630804101,23.285714285714285,9.123076923076924,1005.7142857142856
2016-04-30,5.75,25.5625,5.2125,1004.8125
2016-05-01,5.889609494694874,23.375,8.575,1002.4375
2016-05-02,6.164414002968976,18.466666666666665,9.513333333333334,1002.2
2016-05-03,5.958187643906492,30.375,6.49375,1004.3125
2016-05-04,5.80640040940045,31.857142857142858,10.464285714285715,1003.7857142857144
2016-05-05,5.531726674375733,42.0,11.246666666666666,1007.4666666666668
2016-05-06,5.606915373001451,37.4375,8.225,1007.0
2016-05-07,5.771698190307598,37.1875,4.65,1005.5625
2016-05-08,5.927337794772062,36.333333333333336,7.293333333333332,1005.9333333333332
2016-05-09,5.790797296861058,40.6,6.901900350938872,1006.0625
2016-05-10,5.830951894845301,39.75,10.55625,1006.5625
2016-05-11,5.70087712549569,49.9375,7.774999999999999,1006.0625
2016-05-12,5.947688626685159,40.0,5.1,1002.25
2016-05-13,6.106890996821446,28.11764705882353,8.07058823529412,1001.3529411764706
2016-05-14,6.046693311223912,31.875,4.16875,1003.125
2016-05-15,6.103277807866851,29.5,4.75,1003.5625
2016-05-16,6.100351277941765,23.5,9.019999999999998,1000.8
2016-05-17,6.123724356957945,25.8125,9.6125,998.9375
2016-05-18,6.144102863722254,27.625,8.45,997.8125
2016-05-19,6.113509630318742,40.5,9.3875,998.625
2016-05-20,6.115553940568262,44.2,8.413333333333334,996.9333333333332
2016-05-21,6.011100842053254,45.4,10.873333333333331,995.9333333333332
2016-05-22,6.06630035524124,44.8,6.553333333333333,996.4666666666668
2016-05-23,5.67576300723398,47.92857142857143,14.95,999.5714285714286
2016-05-24,5.614829987584102,53.526315789473685,8.494736842105263,1000.7368421052632
2016-05-25,5.7634530712367065,46.60869565217392,10.160869565217393,997.4782608695652
2016-05-26,5.938790345620122,44.57692307692308,15.17692307692308,999.1538461538462
2016-05-27,6.186495556672394,26.09090909090909,15.31818181818182,999.9545454545456
2016-05-28,6.005206074732157,37.25,14.405555555555551,999.8333333333334
2016-05-29,5.612486080160912,57.0625,11.68125,1001.25
2016-05-30,5.178078794301995,74.8125,9.4875,1003.8125
2016-05-31,5.713392787377492,51.21428571428572,7.4071428571428575,1002.3076923076924
2016-06-01,6.0,42.2,9.133333333333336,1002.7333333333332
2016-06-02,6.128825336065631,35.3125,11.93125,1002.0
2016-06-03,6.128825336065631,40.6875,2.7812500000000004,1002.25
2016-06-04,6.180614856144977,42.06666666666667,3.2066666666666666,1001.8666666666668
2016-06-05,6.013872850889571,51.75,8.5,1002.8333333333334
2016-06-06,5.9521904731427595,45.71428571428572,11.0,1001.5714285714286
2016-06-07,5.88430114796991,59.1875,6.901900350938872,1002.0625
2016-06-08,6.0059494313079735,44.642857142857146,8.485714285714284,999.2142857142856
2016-06-09,5.977736472389306,43.73333333333333,9.26,1011.1973643220331
2016-06-10,6.011100842053254,41.86666666666667,10.08125,998.25
2016-06-11,5.782516753110189,49.9375,8.812500000000002,999.0
2016-06-12,5.958187643906492,37.125,9.1625,998.8125
2016-06-13,6.0,43.3125,12.85,998.1875
2016-06-14,5.7118298293979315,55.125,11.859999999999998,997.8125
2016-06-15,5.89349924351682,48.86666666666667,10.513333333333332,996.1333333333332
2016-06-16,5.787918451395113,51.285714285714285,11.39285714285714,999.0
2016-06-17,5.84700778176325,52.25,7.425,999.4285714285714
2016-06-18,5.988083404324196,50.57142857142857,10.857142857142858,1000.8571428571428
2016-06-19,5.968668193156661,53.25,9.387499999999998,1001.375
2016-06-20,5.562148865321747,73.9375,7.643750000000001,1000.6875
2016-06-21,5.733672470589857,62.1875,8.91875,999.9375
2016-06-22,5.755432216610669,60.8125,7.418750000000001,1001.5625
2016-06-23,5.817744738827396,51.61538461538461,5.875000000000001,999.6923076923076
2016-06-24,6.036348233824818,46.5625,7.762499999999999,998.3125
2016-06-25,5.9521904731427595,55.92857142857143,9.664285714285713,1000.0714285714286
2016-06-26,5.904800307094785,57.46666666666667,7.660000000000001,1000.375
2016-06-27,5.8576872569299905,61.25,7.993749999999999,998.8666666666668
2016-06-28,5.548487567410986,75.07142857142857,5.435714285714285,1001.5
2016-06-29,5.947688626685159,58.875,8.449999999999998,1001.1875
2016-06-30,5.955389715767279,60.2,6.793333333333333,997.8666666666668
2016-07-01,5.667892024377317,73.4,8.35,1002.5625
2016-07-02,5.329165037789691,80.0,5.231250000000001,998.375
2016-07-03,5.437140792732887,78.125,1.96875,998.25
2016-07-04,5.539629951540085,76.3125,3.481250000000001,997.125
2016-07-05,5.766281297335398,68.6875,5.3375,995.5625
2016-07-06,5.767726299562651,64.06666666666666,8.878571428571428,996.8666666666668
2016-07-07,5.787918451395113,63.0,5.91875,997.6875
2016-07-08,5.549774770204643,75.86666666666666,5.433333333333335,997.4
2016-07-09,5.766281297335398,66.0625,6.73125,996.75
2016-07-10,5.706356105256663,65.6875,4.7,996.0625
2016-07-11,5.612486080160912,71.9375,8.046666666666665,997.75
2016-07-12,5.522680508593631,80.1875,5.5625,999.0625
2016-07-13,5.5901699437494745,76.3125,6.806666666666667,998.4375
2016-07-14,5.5170191226784775,80.4375,5.21875,998.375
2016-07-15,5.5677643628300215,78.0625,7.271428571428571,998.625
2016-07-16,5.208166663999915,93.875,4.371428571428571,999.875
2016-07-17,5.303300858899107,86.5625,6.6000000000000005,1001.3333333333334
2016-07-18,5.259911279353167,91.26666666666668,7.653333333333333,1000.8
2016-07-19,5.6844085004510365,69.125,13.656249999999998,999.875
2016-07-20,5.84700778176325,59.5625,12.9625,999.625
2016-07-21,5.8423739467217715,56.86666666666667,11.48,999.2666666666668
2016-07-22,5.841660722773962,56.125,8.687500000000002,999.3333333333334
2016-07-23,5.645794895318107,66.0,7.768750000000001,1001.625
2016-07-24,5.606915373001451,72.25,2.43125,1011.1973643220331
2016-07-25,5.651327277728657,69.125,2.9125000000000005,1001.875
2016-07-26,5.50567888638631,82.0,6.485714285714287,1003.125
2016-07-27,5.320949163448191,88.25,4.293750000000001,1004.625
2016-07-28,5.434457961318068,81.33333333333333,5.186666666666667,1002.0666666666668
2016-07-29,5.232112384114087,92.4375,2.43125,1000.9375
2016-07-30,5.228129047119373,92.26666666666668,1.86,1001.2
2016-07-31,5.409867527644892,83.13333333333334,4.7,1000.6666666666666
2016-08-01,5.3967582862307255,84.25,5.9125000000000005,999.125
2016-08-02,5.539629951540085,72.125,6.375,1011.1973643220331
2016-08-03,5.706356105256663,63.5625,5.45,998.5
2016-08-04,5.754225500544023,63.888888888888886,7.927777777777779,998.7777777777778
2016-08-05,5.813776741499453,61.66666666666666,4.319999999999999,999.3333333333334
2016-08-06,5.483308003994182,76.0,6.926666666666667,1000.8
2016-08-07,5.754793398448247,65.17647058823529,7.852941176470587,1000.529411764706
2016-08-08,5.814595756329395,62.38095238095238,9.440909090909091,999.6363636363636
2016-08-09,5.622755962638306,71.65384615384616,9.55,998.5
2016-08-10,5.656854249492381,71.25925925925925,10.159259259259262,999.3703703703704
2016-08-11,5.30161700400386,89.46428571428571,7.82142857142857,1001.6071428571428
2016-08-12,5.388479775012084,85.0,3.848148148148149,1002.2857142857144
2016-08-13,5.5064896777737244,77.07142857142857,3.2296296296296303,1001.0714285714286
2016-08-14,5.378971401051816,83.7,6.369999999999998,1011.1973643220331
2016-08-15,5.628372005169117,67.64285714285714,12.725,999.2857142857144
2016-08-16,5.597618541248888,66.41666666666667,14.66666666666667,1011.1973643220331
2016-08-17,5.4707011825333165,72.5,6.325,999.5185185185184
2016-08-18,5.467073155618908,79.81481481481481,1.7222222222222223,999.9230769230768
2016-08-19,5.6631641836899425,68.28571428571429,1.917857142857143,999.8928571428572
2016-08-20,5.760658398584765,66.48148148148148,10.366666666666667,1000.16
2016-08-21,5.620728831085217,68.07407407407408,10.022222222222224,1001.1923076923076
2016-08-22,5.673198849430997,65.55555555555556,8.237037037037037,1002.8888888888888
2016-08-23,5.610704055642215,70.08,6.084,1003.24
2016-08-24,5.493502655735358,79.28571428571429,8.419230769230769,1002.5
2016-08-25,5.61426753904728,72.44,6.276923076923075,1004.4230769230768
2016-08-26,5.587684871413403,73.81481481481481,4.392592592592593,1005.2222222222222
2016-08-27,5.637882074477462,70.28571428571429,7.15,1006.1428571428572
2016-08-28,5.779273310719955,66.24,7.2719999999999985,1006.2
2016-08-29,5.437961803049794,82.32142857142857,5.825,1003.6071428571428
2016-08-30,5.4808758424178885,76.8,8.903846153846153,1002.1923076923076
2016-08-31,5.221040055320325,89.55555555555556,6.729629629629631,1003.0370370370372
2016-09-01,5.287721626560915,87.24,4.148,1002.44
2016-09-02,5.544288090889813,71.73913043478261,13.204347826086956,1001.2727272727273
2016-09-03,5.558303414001908,62.68421052631579,13.263157894736842,1001.157894736842
2016-09-04,5.629592142625227,59.30769230769231,11.12307692307692,1002.9230769230768
2016-09-05,5.5746679790749045,60.30769230769231,13.961538461538463,1003.2307692307692
2016-09-06,5.5113519212621505,55.0,13.437499999999998,1003.75
2016-09-07,5.576737397439475,57.7,9.1,1003.4545454545456
2016-09-08,5.649483752226097,58.0,10.808333333333332,1005.1666666666666
2016-09-09,5.527707983925667,56.66666666666666,11.52222222222222,1004.3333333333334
2016-09-10,5.5884496267542065,58.23076923076923,11.969230769230771,1005.2307692307692
2016-09-11,5.5677643628300215,56.4,8.15,1003.8
2016-09-12,5.625198409199194,55.5,10.85,1005.0714285714286
2016-09-13,5.70379990298865,57.06666666666667,8.526666666666666,1006.4
2016-09-14,5.5549205986353085,70.35714285714286,4.235714285714287,1006.9285714285714
2016-09-15,5.632696754421698,59.63636363636363,11.9,1004.75
2016-09-16,5.60357029044876,58.0,3.5200000000000005,1004.4
2016-09-17,5.683985600588051,58.0,2.707692307692308,1003.1538461538462
2016-09-18,5.678908345800274,58.833333333333336,6.901900350938872,1005.0
2016-09-19,5.689903338370521,59.458333333333336,2.0875,1004.7083333333334
2016-09-20,5.783117190965824,54.07407407407408,2.56923076923077,1003.5185185185184
2016-09-21,5.775811631277461,58.96,6.0920000000000005,1005.4
2016-09-22,5.480605535617122,67.62962962962963,8.107407407407404,1008.7777777777778
2016-09-23,5.5677643628300215,66.10714285714286,3.571428571428573,1005.3214285714286
2016-09-24,5.589275444992848,66.48,5.496153846153845,1011.1973643220331
2016-09-25,5.5794654567089745,62.30434782608695,3.1478260869565218,1004.782608695652
2016-09-26,5.610704055642215,60.88,2.986956521739131,1006.76
2016-09-27,5.673198849430997,57.81481481481482,1.7807692307692309,1006.7037037037036
2016-09-28,5.6956123463592565,55.28,2.5200000000000005,1005.28
2016-09-29,5.676906968347528,61.31818181818182,3.963636363636364,1005.5909090909092
2016-09-30,5.67576300723398,59.35714285714285,2.582142857142858,1005.5714285714286
2016-10-01,5.704530363374944,61.91666666666666,3.170833333333334,1007.5
2016-10-02,5.728421668733441,61.81481481481482,4.122222222222223,1009.1111111111112
2016-10-03,5.767948575466911,59.57692307692308,3.992592592592593,1007.1851851851852
2016-10-04,5.527707983925667,69.81481481481481,5.770370370370371,1005.3703703703704
2016-10-05,5.369667897862337,71.875,3.325,1005.25
2016-10-06,5.541092284351859,64.81481481481481,3.2333333333333325,1007.1481481481482
2016-10-07,5.5641710972974225,59.96,15.825,1007.2
2016-10-08,5.531726674375733,57.96,8.76153846153846,1006.8461538461538
2016-10-09,5.5605755097831375,59.2,3.184000000000001,1005.96
2016-10-10,5.456901847914967,51.11111111111112,4.807407407407408,1006.1481481481482
2016-10-11,5.446711546122731,51.14814814814815,8.922222222222224,1006.5925925925926
2016-10-12,5.437961803049794,47.285714285714285,11.371428571428568,1006.25
2016-10-13,5.473843527446045,44.0,13.022222222222224,1008.3333333333334
2016-10-14,5.454356057317857,47.875,8.934782608695652,1009.125
2016-10-15,5.266947953107259,54.14814814814815,6.662962962962963,1010.5185185185184
2016-10-16,5.331845030434721,49.85714285714285,7.014285714285715,1011.8571428571428
2016-10-17,5.347896782848375,49.24,7.1160000000000005,1010.56
2016-10-18,5.338539126015656,48.458333333333336,7.668181818181818,1009.4583333333334
2016-10-19,5.37828280456931,49.18518518518518,6.459259259259259,1008.5555555555557
2016-10-20,5.392302205637503,47.73076923076923,9.124,1007.5384615384615
2016-10-21,5.330017908890261,50.40909090909091,10.695454545454549,1008.7272727272727
2016-10-22,5.41602560309064,49.48148148148148,13.323076923076924,1009.3703703703704
2016-10-23,5.244044240850758,54.96153846153846,11.546153846153846,1009.3076923076924
2016-10-24,5.338539126015656,51.42307692307692,11.188461538461535,1008.2692307692308
2016-10-25,5.295280917949491,54.56,12.388461538461542,1008.9230769230768
2016-10-26,5.2513734467206845,56.19230769230769,5.699999999999998,1011.7307692307692
2016-10-27,5.153208277913436,59.37037037037037,6.044444444444444,1014.6296296296296
2016-10-28,5.051585742964136,58.77777777777778,7.277777777777777,1012.4074074074074
2016-10-29,5.080828162299412,62.77777777777778,1.7148148148148148,1013.0
2016-10-30,4.982578344243243,71.04347826086956,2.0130434782608697,1014.608695652174
2016-10-31,4.953631146791365,66.8076923076923,1.6423076923076925,1017.8076923076924
2016-11-01,4.9380781063704715,58.73076923076923,2.7153846153846155,1016.3846153846154
2016-11-02,4.871064845315932,65.9090909090909,1.4318181818181817,1016.5909090909092
2016-11-03,5.063595560468865,59.76,2.2320000000000007,1016.24
2016-11-04,4.98144706032442,58.2962962962963,4.122222222222222,1012.6296296296296
2016-11-05,4.807846151384695,66.57692307692308,5.784615384615384,1010.3461538461538
2016-11-06,4.788102539203387,63.851851851851855,2.411111111111111,1011.5185185185184
2016-11-07,4.954336943068623,51.31818181818182,8.172727272727274,1012.7727272727273
2016-11-08,4.871423737550371,52.26923076923077,12.750000000000002,1013.64
2016-11-09,4.795831523312719,49.7037037037037,7.074074074074074,1014.6666666666666
2016-11-10,4.849589520621154,50.14814814814815,3.225925925925927,1013.8148148148148
2016-11-11,4.890807704254994,54.04,2.968,1014.08
2016-11-12,4.85164524037584,58.03846153846154,2.7846153846153854,1015.1538461538462
2016-11-13,4.929127336181963,55.81481481481482,4.4,1016.5185185185184
2016-11-14,4.831785782312151,60.73076923076923,1.4961538461538462,1015.7307692307692
2016-11-15,4.715930449020639,55.72,4.087999999999999,1016.24
2016-11-16,4.665750825883308,53.23076923076923,7.138461538461537,1017.5384615384615
2016-11-17,4.661627315730981,51.73076923076923,11.55,1011.1973643220331
2016-11-18,4.661627315730981,53.61538461538461,7.7799999999999985,1014.6923076923076
2016-11-19,4.546060565661952,60.66666666666666,2.8400000000000003,1012.4666666666668
2016-11-20,4.716990566028302,59.9,2.5050000000000003,1013.35
2016-11-21,4.640954808922571,60.46153846153846,2.7153846153846155,1013.0
2016-11-22,4.751730986537543,50.1578947368421,7.999999999999998,1012.8947368421052
2016-11-23,4.777665429529546,51.43478260869565,6.604347826086956,1013.1739130434784
2016-11-24,4.628288304716869,51.47368421052632,8.289473684210526,1014.9473684210526
2016-11-25,4.857983120596447,30.55,15.085000000000004,1012.95
2016-11-26,4.928906333768052,32.64705882352941,14.494117647058824,1013.25
2016-11-27,4.861724348043977,33.63636363636363,12.45909090909091,1013.5909090909092
2016-11-28,4.738622738153508,37.31818181818182,9.185714285714289,1011.1973643220331
2016-11-29,4.648775226993784,53.72222222222222,1.238888888888889,1015.0
2016-11-30,4.457529048406898,80.08695652173913,4.269565217391306,1016.608695652174
2016-12-01,4.444097208657794,84.0,2.704166666666667,1016.875
2016-12-02,4.382731264101568,75.875,4.945833333333334,1017.75
2016-12-03,4.605250626549366,52.16666666666666,5.866666666666666,1019.3333333333334
2016-12-04,4.347413023856832,55.25,5.666666666666666,1019.7
2016-12-05,4.316985480212279,56.59090909090909,4.9523809523809526,1017.0454545454544
2016-12-06,4.3056313751250865,69.92307692307692,2.5038461538461543,1017.9615384615385
2016-12-07,4.272001872658765,74.35,0.925,1017.421052631579
2016-12-08,4.110960958218893,73.3,1.765,1016.2
2016-12-09,4.406434688800762,68.125,1.3125,1013.4166666666666
2016-12-10,4.055175020198813,82.83333333333333,5.355555555555556,1014.0
2016-12-11,4.476792006187765,69.58333333333333,4.716666666666667,1013.2916666666666
2016-12-12,4.461960433384737,63.86363636363637,3.2818181818181817,1014.181818181818
2016-12-13,4.364630568559039,62.35,3.4300000000000006,1015.1
2016-12-14,4.307615994440029,58.61111111111112,8.027777777777775,1017.3333333333334
2016-12-15,4.262237284181474,56.625,9.879166666666666,1016.6666666666666
2016-12-16,3.9791121287711073,63.27777777777778,3.9166666666666674,1018.7777777777778
2016-12-17,4.183300132670378,63.388888888888886,6.731578947368422,1016.9473684210526
2016-12-18,4.010403138505321,64.54166666666667,6.420833333333331,1018.0833333333334
2016-12-19,4.225771273642583,56.095238095238095,10.414285714285716,1017.4285714285714
2016-12-20,4.449719092257398,48.53333333333333,15.926666666666671,1015.2
2016-12-21,4.2485291572496005,54.3,6.901900350938872,1015.6190476190476
2016-12-22,4.157609203101499,57.85714285714285,6.1809523809523785,1016.1428571428572
2016-12-23,3.943348830626071,74.7,1.205,1014.25
2016-12-24,4.1615119629987625,78.63636363636364,5.236363636363636,1011.318181818182
2016-12-25,3.7416573867739413,94.3,9.085,1014.35
2016-12-26,4.140393356054125,74.85714285714286,8.784210526315787,1016.952380952381
2016-12-27,4.104875150354759,67.55,8.335,1017.2
2016-12-28,4.149384448848748,68.04347826086956,3.547826086956522,1015.5652173913044
2016-12-29,3.9036002917941324,87.85714285714286,6.0,1016.904761904762
2016-12-30,3.754362541795624,89.66666666666667,6.266666666666667,1017.904761904762
2016-12-31,3.8797721039962343,87.0,7.325,1016.1
2017-01-01,3.1622776601683795,100.0,0.0,1016.0
2017-01-02,4.301162633521313,77.22222222222223,2.8944444444444444,1018.2777777777778
2017-01-03,4.136557881996952,81.88888888888889,4.016666666666667,1018.3333333333334
2017-01-04,4.324349662087931,70.05,4.545,1015.7
2017-01-05,4.288226776756202,74.94444444444444,3.3000000000000003,1014.3333333333334
2017-01-06,4.395245364957662,79.31818181818181,8.681818181818182,1011.7727272727273
2017-01-07,3.8351444996679502,95.83333333333331,10.041666666666664,1011.375
2017-01-08,3.960329598192023,83.52631578947368,1.95,1015.55
2017-01-09,3.8172540616821107,80.80952380952381,6.542857142857142,1015.952380952381
2017-01-10,3.48010216963685,71.94444444444444,9.361111111111107,1016.8888888888888
2017-01-11,3.3166247903554,72.11111111111111,9.77222222222222,1016.7777777777778
2017-01-12,3.4335803011158084,74.57894736842105,6.626315789473684,1016.3684210526316
2017-01-13,3.6380343755449944,67.05882352941177,6.435294117647059,1017.529411764706
2017-01-14,3.63318042491699,74.28,5.276,1018.84
2017-01-15,4.053983548153058,72.56521739130434,3.630434782608696,1018.1304347826087
2017-01-16,3.8275318418009276,78.45,10.38,1017.15
2017-01-17,3.4237730973623557,84.44444444444444,8.038888888888888,1018.3888888888888
2017-01-18,3.6113247800034083,78.33333333333333,6.029166666666664,1021.9583333333334
2017-01-19,3.8234863173611098,75.14285714285714,10.33809523809524,1022.809523809524
2017-01-20,3.9068091705043444,66.47368421052632,11.226315789473684,1021.7894736842104
2017-01-21,3.923175288949767,70.8695652173913,13.695652173913045,1020.4782608695652
2017-01-22,4.294182110716778,76.24,5.867999999999999,1021.04
2017-01-23,4.2564829447354215,76.0,6.752941176470588,1019.8235294117648
2017-01-24,4.2834362475653265,68.1304347826087,3.3913043478260865,1018.8695652173913
2017-01-25,4.58257569495584,69.96,8.755999999999998,1018.4
2017-01-26,4.022259492943167,91.64285714285714,8.467857142857143,1017.7857142857144
2017-01-27,4.06201920231798,77.04166666666667,14.358333333333333,1018.125
2017-01-28,3.8553386833890952,82.77272727272727,9.690909090909091,1019.6363636363636
2017-01-29,3.958114029012639,81.77777777777777,10.294444444444444,1017.3888888888888
2017-01-30,4.055175020198813,77.55555555555556,4.322222222222222,1015.8333333333334
2017-01-31,4.0155946010522525,76.0,4.625,1015.5
2017-02-01,3.905124837953327,78.625,5.1000000000000005,1017.5
2017-02-02,4.134115273055299,66.54545454545455,3.027272727272727,1018.9090909090908
2017-02-03,3.9542842128966447,78.18181818181819,1.8545454545454545,1017.7272727272727
2017-02-04,4.324349662087931,77.6,9.82,1014.4
2017-02-05,4.316431274486879,77.63157894736842,8.099999999999998,1014.2105263157896
2017-02-06,4.109609335312651,69.66666666666667,9.044444444444444,1016.0
2017-02-07,3.8890872965260113,63.75,7.637500000000001,1016.125
2017-02-08,3.96232255123179,68.4,4.08,1015.6
2017-02-09,3.9210967853395307,68.375,7.875000000000002,1016.375
2017-02-10,3.8297084310253524,71.77777777777777,9.066666666666666,1015.6666666666666
2017-02-11,3.952847075210474,64.0,3.95,1016.625
2017-02-12,4.031128874149275,70.375,1.625,1019.625
2017-02-13,4.041451884327381,67.0,6.377777777777778,1021.5555555555557
2017-02-14,4.107919181288746,65.5,6.9625,1021.375
2017-02-15,4.191828786034631,67.71428571428571,5.557142857142857,1020.5714285714286
2017-02-16,4.5,56.75,10.4375,1017.625
2017-02-17,4.61519230368573,64.4,9.279999999999998,1016.5
2017-02-18,4.596194077712559,70.75,6.25,1016.25
2017-02-19,4.729020655869074,66.0909090909091,6.054545454545456,1013.0
2017-02-20,4.834769901453429,60.125,6.937499999999999,1005.375
2017-02-21,4.672615256292062,69.41666666666667,12.341666666666669,1007.4166666666666
2017-02-22,4.373213921133975,57.125,7.4125,1012.25
2017-02-23,4.315669125408017,42.875,14.35,1015.25
2017-02-24,4.373213921133975,40.375,16.6625,1016.125
2017-02-25,4.358898943540674,50.42857142857143,11.928571428571429,1014.2857142857144
2017-02-26,4.330127018922194,59.0,11.1125,1012.375
2017-02-27,4.458138625031752,58.375,5.1000000000000005,1014.25
2017-02-28,4.830458915396479,51.66666666666666,3.911111111111112,1013.1111111111112
2017-03-01,4.945860740208772,47.92307692307692,6.415384615384617,1012.9230769230768
2017-03-02,4.873397172404482,54.25,5.930000000000001,1012.15
2017-03-03,4.527692569068709,42.5,7.4125,1010.625
2017-03-04,4.373213921133975,43.125,8.350000000000001,1010.0
2017-03-05,4.444097208657794,41.25,9.9625,1010.5
2017-03-06,4.47213595499958,42.44444444444444,9.666666666666664,1010.3333333333334
2017-03-07,4.756574397610112,41.5,6.025,1007.375
2017-03-08,4.641708149534452,52.72727272727273,10.263636363636364,1008.9090909090908
2017-03-09,4.5591352563522705,69.07142857142857,8.342857142857143,1007.3571428571428
2017-03-10,4.4651427748729375,67.75,11.4625,1006.875
2017-03-11,4.30503581092345,60.4,5.566666666666666,1009.8
2017-03-12,4.168333000133266,56.625,7.637499999999999,1014.75
2017-03-13,4.176654695380556,49.333333333333336,9.055555555555554,1014.8888888888888
2017-03-14,4.242640687119285,56.333333333333336,4.522222222222222,1016.5555555555557
2017-03-15,4.458138625031752,54.75,7.175000000000001,1014.125
2017-03-16,4.898979485566356,49.2,5.5600000000000005,1011.1
2017-03-17,4.571651780264984,59.7,11.489999999999998,1010.7
2017-03-18,4.969135507541296,46.30769230769231,7.123076923076924,1009.8461538461538
2017-03-19,4.96655480858378,52.27777777777778,9.161111111111111,1011.8888888888888
2017-03-20,4.830458915396479,54.66666666666666,10.077777777777778,1012.5555555555557
2017-03-21,5.0,49.0,9.2625,1011.75
2017-03-22,5.220153254455275,45.0,10.187500000000002,1009.75
2017-03-23,5.291502622129181,49.75,3.4875000000000003,1008.875
2017-03-24,5.377421934967226,37.66666666666666,10.033333333333337,1010.5833333333334
2017-03-25,5.1478150704935,39.375,10.425,1009.875
2017-03-26,5.394441583704471,37.1,17.59,1010.2
2017-03-27,5.431390245600108,38.625,13.65,1009.5
2017-03-28,5.467073155618908,40.66666666666666,8.844444444444445,1009.0
2017-03-29,5.5677643628300215,34.5,13.2,1007.125
2017-03-30,5.41162769282166,36.85714285714285,10.585714285714284,1007.1428571428572
2017-03-31,5.533985905294664,37.625,6.949999999999999,1007.5
2017-04-01,5.60133912560202,35.125,9.0375,1005.0
2017-04-02,5.454356057317857,33.75,9.2625,1004.25
2017-04-03,5.522680508593631,29.75,6.9375,1004.25
2017-04-04,5.561774297230456,31.866666666666667,14.32,1007.2
2017-04-05,5.4065487356324855,46.0,14.384615384615389,1005.0
2017-04-06,5.587684871413403,26.0,13.577777777777776,1002.8888888888888
2017-04-07,5.196152422706632,29.875,4.65,1007.375
2017-04-08,5.062114182829147,29.375,8.337499999999999,1010.375
2017-04-09,5.208166663999915,21.125,14.125,1010.625
2017-04-10,5.277986629117476,19.428571428571427,6.901900350938872,1008.5714285714286
2017-04-11,5.408326913195984,17.75,15.5125,1006.25
2017-04-12,5.408326913195984,26.0,9.4875,1005.875
2017-04-13,5.446711546122731,29.11111111111111,4.944444444444445,1006.7777777777778
2017-04-14,5.522680508593631,37.625,1.3875000000000002,1004.625
2017-04-15,5.587684871413403,30.444444444444443,5.966666666666667,1002.4444444444443
2017-04-16,5.5677643628300215,34.25,2.1,1003.25
2017-04-17,5.70574758954123,38.44444444444444,5.366666666666666,1004.4444444444443
2017-04-18,5.830951894845301,27.33333333333333,7.811111111111111,1003.1111111111112
2017-04-19,5.787918451395113,24.125,9.025,1000.875
2017-04-20,5.873670062235365,27.5,5.5625,998.625
2017-04-21,5.852349955359813,39.375,6.9625,999.875
2017-04-22,5.735852159879995,40.9,8.89,1001.6
2017-04-23,5.733672470589857,27.5,9.9625,1002.125
2017-04-24,5.656854249492381,27.142857142857142,12.157142857142858,1004.1428571428572
