date,meantemp,humidity,meanpressure
2013-01-01,10.0,84.5,1015.6666666666666
2013-01-02,7.4,92.0,1017.8
2013-01-03,7.166666666666667,87.0,1018.6666666666666
2013-01-04,8.666666666666666,71.33333333333333,1017.1666666666666
2013-01-05,6.0,86.83333333333333,1016.5
2013-01-06,7.0,82.8,1018.0
2013-01-07,7.0,78.6,1020.0
2013-01-08,8.857142857142858,63.71428571428572,1018.7142857142856
2013-01-09,14.0,51.25,1017.0
2013-01-10,11.0,62.0,1015.6666666666666
2013-01-11,15.714285714285714,51.285714285714285,1016.1428571428572
2013-01-12,14.0,74.0,1015.5714285714286
2013-01-13,15.833333333333334,75.16666666666667,1013.3333333333334
2013-01-14,12.833333333333334,88.16666666666667,1015.1666666666666
2013-01-15,14.714285714285714,71.85714285714286,1015.8571428571428
2013-01-16,13.833333333333334,86.66666666666667,1016.6666666666666
2013-01-17,16.5,80.83333333333333,1015.8333333333334
2013-01-18,13.833333333333334,92.16666666666669,1014.5
2013-01-19,12.5,76.66666666666667,1021.6666666666666
2013-01-20,11.285714285714286,75.28571428571429,1020.2857142857144
2013-01-21,11.2,77.0,1021.0
2013-01-22,9.5,79.66666666666667,1021.8
2013-01-23,14.0,60.16666666666666,1020.5
2013-01-24,13.833333333333334,60.66666666666666,1020.5
2013-01-25,12.25,67.0,1020.75
2013-01-26,12.666666666666666,64.16666666666667,1019.6666666666666
2013-01-27,12.857142857142858,65.57142857142857,1018.1428571428572
2013-01-28,14.833333333333334,56.0,1017.8333333333334
2013-01-29,14.125,65.5,1016.625
2013-01-30,14.714285714285714,70.42857142857143,1017.8571428571428
2013-01-31,16.2,65.6,1018.4
2013-02-01,16.0,73.0,1016.0
2013-02-02,16.285714285714285,77.57142857142857,1017.1428571428572
2013-02-03,18.0,65.57142857142857,1015.2857142857144
2013-02-04,17.428571428571427,74.28571428571429,1014.5714285714286
2013-02-05,16.625,92.375,1016.375
2013-02-06,16.666666666666668,71.33333333333333,1018.6666666666666
2013-02-07,15.6,59.4,1018.6
2013-02-08,14.0,70.42857142857143,1017.1428571428572
2013-02-09,15.428571428571429,61.285714285714285,1016.8571428571428
2013-02-10,15.25,71.5,1017.125
2013-02-11,15.875,70.5,1016.5
2013-02-12,15.333333333333334,70.33333333333333,1017.5
2013-02-13,16.285714285714285,70.14285714285714,1016.0
2013-02-14,17.333333333333332,63.833333333333336,1014.1666666666666
2013-02-15,19.166666666666668,65.33333333333333,1011.6666666666666
2013-02-16,14.428571428571429,92.71428571428572,1008.0
2013-02-17,13.666666666666666,90.0,1012.6666666666666
2013-02-18,15.6,78.4,1016.2
2013-02-19,15.857142857142858,82.0,1015.7142857142856
2013-02-20,17.714285714285715,74.71428571428571,1017.0
2013-02-21,20.0,67.28571428571429,1015.4285714285714
2013-02-22,20.5,65.625,1016.0
2013-02-23,17.428571428571427,74.85714285714286,1017.0
2013-02-24,16.857142857142858,78.85714285714286,1018.8571428571428
2013-02-25,16.875,72.875,1018.25
2013-02-26,17.857142857142858,70.0,1015.1428571428572
2013-02-27,20.8,57.2,1015.2
2013-02-28,19.428571428571427,52.85714285714285,1017.4285714285714
2013-03-01,17.333333333333332,49.333333333333336,1016.3333333333334
2013-03-02,19.0,54.0,1016.25
2013-03-03,19.33333333333333,62.833333333333336,1016.1666666666666
2013-03-04,17.6,71.0,1015.8
2013-03-05,20.875,61.875,1016.375
2013-03-06,20.857142857142858,65.28571428571429,1015.7142857142856
2013-03-07,23.428571428571427,57.142857142857146,1015.2857142857144
2013-03-08,24.166666666666668,44.833333333333336,1014.8333333333334
2013-03-09,25.428571428571427,49.71428571428572,1009.2857142857144
2013-03-10,23.142857142857142,57.57142857142857,1008.0
2013-03-11,24.0,66.33333333333333,1011.1666666666666
2013-03-12,23.5,62.5,1011.5
2013-03-13,21.5,70.5,1009.0
2013-03-14,22.33333333333333,61.16666666666666,1013.1666666666666
2013-03-15,24.166666666666668,45.833333333333336,1016.1666666666666
2013-03-16,20.33333333333333,67.66666666666667,1016.1666666666666
2013-03-17,22.666666666666668,58.66666666666666,1015.0
2013-03-18,23.428571428571427,58.142857142857146,1009.4285714285714
2013-03-19,22.5,73.66666666666667,1011.0
2013-03-20,29.166666666666668,36.333333333333336,1009.5
2013-03-21,23.83333333333333,58.5,1008.3333333333334
2013-03-22,25.25,50.25,1006.375
2013-03-23,27.375,50.125,1007.625
2013-03-24,27.0,48.75,1010.25
2013-03-25,23.5,45.5,1010.625
2013-03-26,24.142857142857142,44.57142857142857,1008.8571428571428
2013-03-27,21.0,62.0,1009.0
2013-03-28,22.428571428571427,62.71428571428572,1009.5714285714286
2013-03-29,21.25,70.375,1009.75
2013-03-30,23.5,54.75,1008.625
2013-03-31,23.2,58.0,1008.6
2013-04-01,25.375,45.5,1008.5
2013-04-02,25.166666666666668,51.0,1009.5
2013-04-03,26.2,45.6,1009.0
2013-04-04,24.6,41.8,1007.8
2013-04-05,25.6,31.0,1007.0
2013-04-06,25.857142857142858,29.857142857142858,1006.1428571428572
2013-04-07,29.142857142857142,23.285714285714285,1005.0
2013-04-08,28.714285714285715,33.857142857142854,1006.0
2013-04-09,30.166666666666668,30.5,1005.3333333333334
2013-04-10,30.0,28.0,1006.7142857142856
2013-04-11,30.0,24.2,1006.4
2013-04-12,28.857142857142858,32.57142857142857,1007.5714285714286
2013-04-13,30.2,29.2,1008.4
2013-04-14,28.25,39.375,1007.0
2013-04-15,28.25,41.375,1003.875
2013-04-16,32.125,24.625,1000.0
2013-04-17,29.2,24.2,1002.2
2013-04-18,30.285714285714285,30.285714285714285,1002.8571428571428
2013-04-19,28.285714285714285,31.285714285714285,1002.5714285714286
2013-04-20,30.625,29.0,1003.375
2013-04-21,27.666666666666668,38.66666666666666,1006.8333333333334
2013-04-22,27.375,45.375,1010.0
2013-04-23,28.625,44.125,1009.875
2013-04-24,30.285714285714285,41.71428571428572,1008.5714285714286
2013-04-25,31.142857142857142,38.285714285714285,1007.7142857142856
2013-04-26,29.875,45.875,1008.375
2013-04-27,31.142857142857142,31.428571428571427,1007.0
2013-04-28,30.571428571428573,28.0,1005.4285714285714
2013-04-29,32.125,26.375,1004.875
2013-04-30,31.142857142857142,32.0,1004.8571428571428
2013-05-01,31.857142857142858,60.429086599529164,1002.8333333333334
2013-05-02,29.83333333333333,22.166666666666668,1001.2
2013-05-03,28.571428571428573,31.571428571428573,999.4285714285714
2013-05-04,32.857142857142854,31.428571428571427,999.0
2013-05-05,32.625,31.125,1000.625
2013-05-06,32.75,39.25,1001.625
2013-05-07,32.875,33.25,1002.0
2013-05-08,34.5,23.0,1001.1666666666666
2013-05-09,34.285714285714285,26.0,1000.8571428571428
2013-05-10,34.0,27.714285714285715,1000.1428571428572
2013-05-11,30.75,30.375,999.875
2013-05-12,29.857142857142858,40.142857142857146,1003.7142857142856
2013-05-13,31.714285714285715,34.0,1003.5714285714286
2013-05-14,32.285714285714285,34.285714285714285,1001.5714285714286
2013-05-15,33.0,33.0,999.8571428571428
2013-05-16,33.0,34.75,998.5
2013-05-17,32.833333333333336,28.166666666666668,1000.3333333333334
2013-05-18,31.4,42.2,999.0
2013-05-19,35.333333333333336,22.33333333333333,999.6666666666666
2013-05-20,36.4,24.2,998.4
2013-05-21,36.0,19.0,998.6666666666666
2013-05-22,36.75,22.125,998.625
2013-05-23,37.5,23.33333333333333,997.1666666666666
2013-05-24,38.42857142857143,27.428571428571427,996.4285714285714
2013-05-25,38.71428571428572,22.428571428571427,998.1428571428572
2013-05-26,37.8,21.2,998.2
2013-05-27,35.857142857142854,31.571428571428573,999.1428571428572
2013-05-28,35.333333333333336,29.0,1000.1666666666666
2013-05-29,34.142857142857146,27.857142857142858,999.4285714285714
2013-05-30,32.2,28.2,999.6
2013-05-31,33.625,40.125,998.7142857142856
2013-06-01,32.0,54.0,998.75
2013-06-02,32.4,56.6,1001.0
2013-06-03,35.6,47.0,999.6
2013-06-04,35.857142857142854,42.57142857142857,999.8571428571428
2013-06-05,37.16666666666666,36.5,998.0
2013-06-06,31.285714285714285,61.71428571428572,997.2857142857144
2013-06-07,34.0,49.25,998.0
2013-06-08,34.2,57.4,997.0
2013-06-09,36.16666666666666,40.0,995.1666666666666
2013-06-10,36.625,42.75,995.125
2013-06-11,30.166666666666668,61.66666666666666,1000.0
2013-06-12,34.142857142857146,54.142857142857146,998.0
2013-06-13,29.83333333333333,68.66666666666667,998.6666666666666
2013-06-14,30.142857142857142,68.14285714285714,997.4285714285714
2013-06-15,30.714285714285715,65.0,997.8571428571428
2013-06-16,27.0,88.85714285714286,996.4285714285714
2013-06-17,26.875,87.375,994.75
2013-06-18,28.4,83.6,996.4
2013-06-19,29.857142857142858,72.85714285714286,999.0
2013-06-20,33.0,52.71428571428572,997.1666666666666
2013-06-21,34.833333333333336,47.333333333333336,995.3333333333334
2013-06-22,35.6,39.4,996.2
2013-06-23,35.166666666666664,53.0,995.6666666666666
2013-06-24,33.142857142857146,55.0,996.2857142857144
2013-06-25,30.571428571428573,70.42857142857143,999.1666666666666
2013-06-26,30.666666666666668,71.5,999.0
2013-06-27,31.428571428571427,61.85714285714285,996.7142857142856
2013-06-28,31.5,64.25,996.0
2013-06-29,33.25,57.0,995.25
2013-06-30,32.833333333333336,52.16666666666666,997.1666666666666
2013-07-01,33.857142857142854,54.0,996.4285714285714
2013-07-02,33.142857142857146,58.285714285714285,996.0
2013-07-03,31.571428571428573,70.0,997.5714285714286
2013-07-04,32.375,67.5,997.0
2013-07-05,32.8,62.2,997.8
2013-07-06,31.0,73.14285714285714,1000.5714285714286
2013-07-07,31.166666666666668,77.33333333333333,1000.1666666666666
2013-07-08,29.83333333333333,75.16666666666667,997.5
2013-07-09,29.0,78.83333333333333,996.8333333333334
2013-07-10,29.75,75.375,995.75
2013-07-11,32.5,65.5,997.3333333333334
2013-07-12,28.875,86.625,1000.0
2013-07-13,31.75,70.25,998.875
2013-07-14,30.75,71.625,997.375
2013-07-15,31.75,73.25,998.375
2013-07-16,29.875,83.875,999.0
2013-07-17,31.125,78.375,998.0
2013-07-18,31.75,76.0,995.0
2013-07-19,30.5,73.5,995.3333333333334
2013-07-20,26.83333333333333,90.66666666666669,999.1666666666666
2013-07-21,28.2,88.0,996.4
2013-07-22,29.5,80.33333333333333,996.8333333333334
2013-07-23,31.857142857142858,70.71428571428571,998.0
2013-07-24,29.714285714285715,84.14285714285714,997.1428571428572
2013-07-25,28.33333333333333,84.5,995.1666666666666
2013-07-26,30.0,73.85714285714286,995.4285714285714
2013-07-27,30.142857142857142,79.0,997.2857142857144
2013-07-28,32.285714285714285,67.42857142857143,998.1428571428572
2013-07-29,31.0,77.42857142857143,997.1428571428572
2013-07-30,30.5,75.66666666666667,996.5
2013-07-31,28.83333333333333,78.5,996.6666666666666
2013-08-01,30.0,73.5,998.0
2013-08-02,31.571428571428573,66.42857142857143,999.4285714285714
2013-08-03,32.5,62.333333333333336,1000.8333333333334
2013-08-04,32.5,62.5,993.25
2013-08-05,29.5,77.0,1001.0
2013-08-06,27.166666666666668,90.66666666666669,1002.1666666666666
2013-08-07,28.375,85.25,1001.875
2013-08-08,28.5,84.0,1000.5
2013-08-09,27.166666666666668,87.5,1001.0
2013-08-10,29.428571428571427,79.85714285714286,1000.3333333333334
2013-08-11,30.0,76.83333333333333,1001.1666666666666
2013-08-12,29.5,81.5,1001.0
2013-08-13,30.75,72.0,999.25
2013-08-14,29.666666666666668,74.33333333333333,999.8333333333334
2013-08-15,27.714285714285715,85.0,1001.7142857142856
2013-08-16,26.6,92.0,1000.8
2013-08-17,27.428571428571427,91.0,999.4285714285714
2013-08-18,28.33333333333333,83.83333333333333,1000.1666666666666
2013-08-19,28.166666666666668,84.66666666666667,1000.5
2013-08-20,27.375,88.5,999.0
2013-08-21,28.33333333333333,81.16666666666667,999.2857142857144
2013-08-22,29.166666666666668,74.83333333333333,1001.1666666666666
2013-08-23,31.285714285714285,73.14285714285714,1001.4285714285714
2013-08-24,32.0,71.25,1000.3333333333334
2013-08-25,29.0,90.75,998.75
2013-08-26,32.0,69.875,997.8571428571428
2013-08-27,32.142857142857146,57.285714285714285,999.8571428571428
2013-08-28,30.142857142857142,60.71428571428572,1003.7142857142856
2013-08-29,31.5,57.0,1003.25
2013-08-30,29.166666666666668,73.0,1003.5
2013-08-31,29.0,71.75,1003.25
2013-09-01,30.0,65.2,1003.2
2013-09-02,31.857142857142858,50.85714285714285,1003.7142857142856
2013-09-03,32.75,45.5,1001.5
2013-09-04,31.714285714285715,48.0,1002.1666666666666
2013-09-05,31.666666666666668,46.0,1001.5
2013-09-06,30.571428571428573,55.71428571428572,1003.4285714285714
2013-09-07,30.83333333333333,51.833333333333336,1004.1666666666666
2013-09-08,28.0,71.75,1007.25
2013-09-09,31.0,57.5,1007.0
2013-09-10,29.666666666666668,66.33333333333333,1005.3333333333334
2013-09-11,30.857142857142858,61.142857142857146,1005.5714285714286
2013-09-12,31.166666666666668,60.333333333333336,1008.1666666666666
2013-09-13,31.142857142857142,67.14285714285714,1007.1428571428572
2013-09-14,30.5,67.0,1003.8333333333334
2013-09-15,31.625,56.375,1001.375
2013-09-16,29.666666666666668,60.0,1002.3333333333334
2013-09-17,29.25,56.5,1002.875
2013-09-18,29.142857142857142,58.57142857142857,1003.1428571428572
2013-09-19,29.8,61.6,1001.8
2013-09-20,28.666666666666668,70.0,1003.0
2013-09-21,25.2,89.0,1003.0
2013-09-22,28.33333333333333,79.66666666666667,1001.6666666666666
2013-09-23,30.285714285714285,68.0,1001.0
2013-09-24,30.75,65.75,1002.75
2013-09-25,28.571428571428573,75.0,1005.4285714285714
2013-09-26,28.2,78.8,1006.6
2013-09-27,29.0,71.25,1005.625
2013-09-28,30.0,67.33333333333333,1005.3333333333334
2013-09-29,28.142857142857142,79.85714285714286,1003.8571428571428
2013-09-30,26.857142857142858,84.57142857142857,1004.7142857142856
2013-10-01,28.285714285714285,68.71428571428571,1007.7142857142856
2013-10-02,29.2,61.4,1010.0
2013-10-03,28.6,59.0,1008.6
2013-10-04,24.83333333333333,84.33333333333333,1007.5
2013-10-05,28.5,69.0,1004.125
2013-10-06,29.75,66.5,1005.25
2013-10-07,29.714285714285715,66.57142857142857,1008.8571428571428
2013-10-08,29.2,69.4,1009.8
2013-10-09,30.83333333333333,65.5,1010.3333333333334
2013-10-10,29.428571428571427,66.28571428571429,1010.8571428571428
2013-10-11,23.857142857142858,89.85714285714286,1010.5714285714286
2013-10-12,26.142857142857142,82.57142857142857,1008.2857142857144
2013-10-13,27.166666666666668,84.33333333333333,1007.6666666666666
2013-10-14,27.714285714285715,74.85714285714286,1007.0
2013-10-15,25.857142857142858,76.42857142857143,1009.1428571428572
2013-10-16,26.428571428571427,75.0,1009.0
2013-10-17,26.857142857142858,76.71428571428571,1010.4285714285714
2013-10-18,26.33333333333333,73.16666666666667,1010.5
2013-10-19,24.571428571428573,69.57142857142857,1011.5714285714286
2013-10-20,24.33333333333333,67.83333333333333,1010.6666666666666
2013-10-21,24.875,63.625,1009.875
2013-10-22,27.8,53.6,1011.0
2013-10-23,25.0,67.5,1013.625
2013-10-24,23.857142857142858,73.14285714285714,1013.2857142857144
2013-10-25,22.8,75.8,1011.0
2013-10-26,23.0,78.2,1011.2
2013-10-27,22.875,66.875,1010.625
2013-10-28,22.666666666666668,63.16666666666666,1010.0
2013-10-29,23.0,62.71428571428572,1011.1428571428572
2013-10-30,22.857142857142858,67.42857142857143,1012.8571428571428
2013-10-31,23.666666666666668,58.833333333333336,1012.8333333333334
2013-11-01,23.428571428571427,69.14285714285714,1013.2857142857144
2013-11-02,21.625,65.0,1014.5
2013-11-03,20.625,57.875,1016.0
2013-11-04,21.166666666666668,54.16666666666666,1017.5
2013-11-05,18.83333333333333,74.33333333333333,1017.5
2013-11-06,20.571428571428573,66.71428571428571,1015.8571428571428
2013-11-07,20.142857142857142,73.14285714285714,1015.6666666666666
2013-11-08,18.0,82.2,1015.625
2013-11-09,19.857142857142858,73.57142857142857,1016.7142857142856
2013-11-10,16.833333333333332,72.0,1016.0
2013-11-11,18.857142857142858,61.85714285714285,1013.4285714285714
2013-11-12,16.571428571428573,71.71428571428571,1013.8571428571428
2013-11-13,17.75,65.0,1014.25
2013-11-14,17.625,63.375,1015.25
2013-11-15,17.0,67.0,1016.5
2013-11-16,16.625,69.625,1018.0
2013-11-17,15.571428571428571,67.42857142857143,1017.7142857142856
2013-11-18,18.5,55.125,1016.875
2013-11-19,17.875,63.5,1015.5
2013-11-20,18.25,58.875,1012.75
2013-11-21,17.875,66.25,1013.125
2013-11-22,17.625,74.875,1015.75
2013-11-23,18.142857142857142,77.85714285714286,1014.5714285714286
2013-11-24,19.125,58.875,1014.5
2013-11-25,21.25,49.875,1012.875
2013-11-26,21.25,51.375,1011.75
2013-11-27,19.125,68.5,1014.75
2013-11-28,18.625,71.875,1017.75
2013-11-29,17.75,66.625,1016.875
2013-11-30,17.875,69.625,1015.875
2013-12-01,18.0,65.0,1016.1428571428572
2013-12-02,17.25,73.25,1015.875
2013-12-03,17.5,73.5,1016.75
2013-12-04,17.142857142857142,71.85714285714286,1017.0
2013-12-05,17.142857142857142,69.0,1015.2857142857144
2013-12-06,16.125,72.375,1014.0
2013-12-07,16.0,80.5,1014.25
2013-12-08,16.5,83.625,1014.0
2013-12-09,16.125,79.25,1013.5
2013-12-10,15.5,81.75,1013.75
2013-12-11,16.625,71.875,1014.125
2013-12-12,17.75,62.375,1012.5
2013-12-13,17.142857142857142,67.71428571428571,1012.0
2013-12-14,16.142857142857142,79.0,1012.5714285714286
2013-12-15,15.5,86.25,1015.125
2013-12-16,15.25,89.5,1015.625
2013-12-17,14.75,92.875,1014.25
2013-12-18,14.875,93.0,1012.625
2013-12-19,16.125,89.125,1012.875
2013-12-20,15.375,91.375,1016.0
2013-12-21,14.75,94.0,1017.0
2013-12-22,15.25,94.0,1018.375
2013-12-23,14.25,88.25,1020.5
2013-12-24,13.5,84.75,1021.375
2013-12-25,13.666666666666666,63.16666666666666,1020.625
2013-12-26,12.125,67.625,1019.25
2013-12-27,11.875,79.875,1018.625
2013-12-28,10.875,70.0,1019.25
2013-12-29,10.571428571428571,69.42857142857143,1018.5
2013-12-30,12.375,79.5,1018.125
2013-12-31,14.5,89.375,1020.5
2014-01-01,13.375,89.625,1021.0
2014-01-02,11.0,78.375,1020.25
2014-01-03,12.5,74.875,1017.75
2014-01-04,12.875,88.125,1016.25
2014-01-05,12.375,89.0,1014.5
2014-01-06,11.428571428571429,86.28571428571429,1017.625
2014-01-07,12.142857142857142,72.28571428571429,1017.75
2014-01-08,11.875,76.875,1017.875
2014-01-09,12.833333333333334,83.0,1017.0
2014-01-10,12.375,85.375,1016.625
2014-01-11,12.125,82.625,1019.625
2014-01-12,12.875,80.875,1020.75
2014-01-13,14.0,72.375,1019.375
2014-01-14,14.875,76.75,1017.0
2014-01-15,12.0,93.5,1019.75
2014-01-16,12.285714285714286,90.57142857142856,1019.5714285714286
2014-01-17,12.0,95.75,1017.625
2014-01-18,12.5,94.25,1020.25
2014-01-19,14.5,84.5,1023.0
2014-01-20,14.625,83.5,1021.375
2014-01-21,13.571428571428571,96.85714285714286,1020.5714285714286
2014-01-22,15.25,96.125,1019.875
2014-01-23,15.625,90.125,1020.25
2014-01-24,13.875,88.875,1019.25
2014-01-25,11.75,95.625,1019.75
2014-01-26,14.375,85.75,1019.125
2014-01-27,16.625,72.375,1018.75
2014-01-28,16.625,69.875,1016.75
2014-01-29,14.875,81.875,1018.625
2014-01-30,14.5,83.25,1019.375
2014-01-31,14.75,82.5,1019.25
2014-02-01,14.0,79.375,1019.75
2014-02-02,15.25,76.125,1016.875
2014-02-03,18.428571428571427,63.85714285714285,1014.125
2014-02-04,18.857142857142858,65.42857142857143,1011.0
2014-02-05,17.0,72.75,1011.5
2014-02-06,18.5,65.375,1010.875
2014-02-07,19.625,67.25,1009.25
2014-02-08,13.625,85.375,1011.375
2014-02-09,12.875,63.375,1012.0
2014-02-10,12.625,61.75,1012.5
2014-02-11,13.375,64.625,1013.5
2014-02-12,13.25,67.0,1013.5
2014-02-13,15.25,64.5,1013.625
2014-02-14,13.0,95.5,1011.875
2014-02-15,12.375,89.5,1012.875
2014-02-16,13.5,79.0,1016.0
2014-02-17,15.125,66.125,1017.75
2014-02-18,15.25,60.125,1017.375
2014-02-19,15.125,75.375,1016.625
2014-02-20,16.125,78.625,1014.75
2014-02-21,17.125,72.25,1014.25
2014-02-22,16.625,85.625,1017.375
2014-02-23,16.5,80.0,1019.375
2014-02-24,16.375,69.375,1018.625
2014-02-25,18.125,69.0,1017.25
2014-02-26,18.75,71.125,1014.25
2014-02-27,18.625,76.625,1013.125
2014-02-28,15.625,88.375,1013.125
2014-03-01,16.142857142857142,87.28571428571429,1015.2857142857144
2014-03-02,16.125,79.0,1017.125
2014-03-03,17.875,65.625,1016.25
2014-03-04,18.75,66.375,1016.5
2014-03-05,18.875,67.0,1016.125
2014-03-06,18.375,64.0,1016.375
2014-03-07,18.5,62.875,1017.125
2014-03-08,19.875,63.875,1017.0
2014-03-09,22.0,56.625,1014.5
2014-03-10,20.0,63.875,1014.375
2014-03-11,20.714285714285715,70.0,1013.7142857142856
2014-03-12,20.0,68.875,1016.25
2014-03-13,19.0,60.625,1016.25
2014-03-14,19.625,61.25,1015.0
2014-03-15,21.625,62.625,1016.375
2014-03-16,23.125,58.5,1015.375
2014-03-17,26.25,52.125,1011.25
2014-03-18,24.857142857142858,53.42857142857143,1012.8571428571428
2014-03-19,21.75,57.375,1013.25
2014-03-20,21.5,55.0,1010.75
2014-03-21,22.5,64.75,1007.125
2014-03-22,25.0,59.5,1007.0
2014-03-23,22.75,61.875,1010.625
2014-03-24,22.375,73.125,1011.625
2014-03-25,24.625,60.25,1010.5
2014-03-26,25.125,58.875,1010.625
2014-03-27,23.5,63.25,1011.75
2014-03-28,24.428571428571427,67.57142857142857,1011.1428571428572
2014-03-29,25.875,55.625,1011.25
2014-03-30,24.125,46.75,1009.875
2014-03-31,24.125,44.125,1008.25
2014-04-01,24.875,45.75,1006.125
2014-04-02,26.75,43.375,1005.75
2014-04-03,25.0,48.0,1010.375
2014-04-04,25.857142857142858,47.85714285714285,1009.8571428571428
2014-04-05,27.375,44.0,1008.875
2014-04-06,30.125,45.25,1007.5
2014-04-07,27.25,47.625,1009.625
2014-04-08,25.75,41.875,1010.375
2014-04-09,25.75,35.25,1010.25
2014-04-10,26.375,29.25,1010.875
2014-04-11,28.142857142857142,29.0,1008.5714285714286
2014-04-12,29.125,39.875,1007.125
2014-04-13,26.875,40.375,1009.625
2014-04-14,27.625,46.625,1010.625
2014-04-15,29.0,48.125,1009.125
2014-04-16,27.125,53.625,1008.25
2014-04-17,26.375,49.625,1007.0
2014-04-18,24.25,64.375,1011.625
2014-04-19,25.625,57.875,1011.375
2014-04-20,27.0,48.0,1010.5
2014-04-21,28.0,33.125,1010.0
2014-04-22,29.375,29.375,1011.75
2014-04-23,29.125,37.0,1009.0
2014-04-24,29.375,35.875,1005.875
2014-04-25,30.625,34.375,1006.125
2014-04-26,31.5,32.0,1006.375
2014-04-27,30.625,30.0,1007.125
2014-04-28,31.5,27.875,1005.625
2014-04-29,32.125,28.875,1003.875
2014-04-30,33.25,25.5,1003.75
2014-05-01,34.875,22.5,1001.5
2014-05-02,34.375,24.75,1001.875
2014-05-03,31.75,33.375,1003.625
2014-05-04,31.875,34.375,1003.0
2014-05-05,29.75,53.25,1005.75
2014-05-06,29.571428571428573,51.142857142857146,1006.8571428571428
2014-05-07,31.75,48.625,1004.25
2014-05-08,31.375,43.0,1002.625
2014-05-09,30.5,39.625,1000.4285714285714
2014-05-10,30.0,37.625,1000.75
2014-05-11,29.625,40.375,1004.0
2014-05-12,28.0,53.375,1004.875
2014-05-13,25.25,65.75,1008.375
2014-05-14,26.875,55.25,1006.5
2014-05-15,29.5,39.875,1004.25
2014-05-16,31.125,40.25,1003.5
2014-05-17,29.875,47.625,1007.0
2014-05-18,31.5,35.375,1007.375
2014-05-19,32.375,29.5,1006.625
2014-05-20,31.125,34.0,1006.625
2014-05-21,33.0,32.5,1002.125
2014-05-22,33.25,33.375,999.5
2014-05-23,34.625,32.75,1000.0
2014-05-24,31.5,50.5,1004.125
2014-05-25,31.5,43.25,1005.5
2014-05-26,30.125,54.125,1007.125
2014-05-27,31.875,49.75,1004.75
2014-05-28,33.625,44.5,1001.25
2014-05-29,35.25,40.125,999.375
2014-05-30,33.125,44.5,999.5714285714286
2014-05-31,34.625,39.0,999.625
2014-06-01,32.75,34.25,1003.25
2014-06-02,32.75,41.375,1003.25
2014-06-03,34.875,33.625,1000.0
2014-06-04,35.25,33.125,998.125
2014-06-05,36.875,26.875,996.125
2014-06-06,37.5,27.625,994.875
2014-06-07,38.5,22.75,994.0
2014-06-08,37.625,26.25,993.125
2014-06-09,37.875,32.125,993.125
2014-06-10,37.25,20.875,994.75
2014-06-11,37.625,23.125,995.625
2014-06-12,32.875,39.25,997.0
2014-06-13,30.25,55.125,997.625
2014-06-14,30.5,66.875,997.375
2014-06-15,33.875,52.0,997.125
2014-06-16,36.375,41.375,995.625
2014-06-17,36.875,42.125,994.125
2014-06-18,33.875,58.0,994.25
2014-06-19,35.75,47.875,993.25
2014-06-20,38.0,36.125,991.375
2014-06-21,36.875,40.125,993.875
2014-06-22,34.5,46.75,996.375
2014-06-23,32.125,49.75,996.25
2014-06-24,33.0,46.25,995.5
2014-06-25,32.25,53.25,997.625
2014-06-26,32.5,60.375,1001.0
2014-06-27,34.75,48.5,1001.625
2014-06-28,34.875,49.0,999.375
2014-06-29,33.0,57.75,997.75
2014-06-30,32.0,67.75,997.5
2014-07-01,31.375,65.125,1000.875
2014-07-02,29.5,71.375,1001.125
2014-07-03,28.875,75.125,998.2857142857144
2014-07-04,31.38888888888889,69.0,998.7777777777778
2014-07-05,34.705882352941174,52.05882352941177,1000.7058823529412
2014-07-06,30.625,61.125,1000.5
2014-07-07,34.0,48.75,998.25
2014-07-08,35.0,39.5,996.875
2014-07-09,36.0,37.125,996.5
2014-07-10,36.125,38.75,996.875
2014-07-11,36.625,38.625,996.125
2014-07-12,35.875,51.375,996.0
2014-07-13,31.625,69.75,998.0
2014-07-14,32.375,67.875,997.125
2014-07-15,33.125,62.625,996.0
2014-07-16,32.625,63.0,997.25
2014-07-17,30.75,74.25,996.125
2014-07-18,27.25,83.875,994.875
2014-07-19,29.875,71.0,995.125
2014-07-20,30.875,68.875,996.75
2014-07-21,32.125,65.5,996.0
2014-07-22,31.625,69.75,997.0
2014-07-23,30.625,72.875,997.75
2014-07-24,30.5,63.625,998.7142857142856
2014-07-25,30.75,63.25,1000.75
2014-07-26,32.5,61.5,1001.875
2014-07-27,31.714285714285715,65.42857142857143,1001.875
2014-07-28,30.0,75.75,999.375
2014-07-29,30.25,69.875,999.25
2014-07-30,31.875,65.75,999.5714285714286
2014-07-31,32.5,65.75,999.625
2014-08-01,33.25,59.5,998.0
2014-08-02,30.125,77.75,997.125
2014-08-03,31.5,66.25,995.375
2014-08-04,30.5,69.75,996.125
2014-08-05,29.75,77.5,997.5
2014-08-06,32.125,65.0,996.875
2014-08-07,31.125,65.375,997.0
2014-08-08,31.0,67.875,998.375
2014-08-09,29.23529411764705,80.47058823529412,1001.6470588235294
2014-08-10,28.5,89.90625,1002.15625
2014-08-11,31.125,72.125,999.875
2014-08-12,32.125,57.5,998.75
2014-08-13,32.125,57.71428571428572,998.25
2014-08-14,30.375,57.5,997.375
2014-08-15,31.125,54.875,998.875
2014-08-16,30.428571428571427,59.85714285714285,1002.5
2014-08-17,31.375,53.875,1003.25
2014-08-18,31.875,56.625,1005.375
2014-08-19,33.0,52.42857142857143,1004.8571428571428
2014-08-20,33.25,47.125,1002.375
2014-08-21,32.5,43.0,1001.25
2014-08-22,33.0,47.125,1002.8571428571428
2014-08-23,33.125,45.75,1003.25
2014-08-24,33.125,46.25,1002.875
2014-08-25,33.875,46.625,1002.375
2014-08-26,34.125,40.25,1001.375
2014-08-27,33.857142857142854,44.71428571428572,1001.125
2014-08-28,29.625,67.75,1003.75
2014-08-29,30.375,69.25,1003.5
2014-08-30,28.625,78.125,1002.625
2014-08-31,27.625,86.125,1001.25
2014-09-01,29.428571428571427,65.85714285714286,1001.125
2014-09-02,29.25,71.0,1001.875
2014-09-03,28.625,77.875,1001.4285714285714
2014-09-04,27.875,80.75,1000.375
2014-09-05,26.5,85.75,1000.1428571428572
2014-09-06,28.5,76.875,1002.375
2014-09-07,31.0,67.625,1003.25
2014-09-08,31.25,66.375,1003.125
2014-09-09,31.0,70.125,1002.375
2014-09-10,28.75,77.5,1003.25
2014-09-11,26.571428571428573,85.71428571428571,1005.5714285714286
2014-09-12,28.5,73.0,1005.125
2014-09-13,29.375,68.25,1004.0
2014-09-14,29.125,65.5,1004.25
2014-09-15,29.625,63.125,1004.25
2014-09-16,30.625,65.125,1002.25
2014-09-17,30.625,61.875,1002.125
2014-09-18,30.5,62.375,1003.875
2014-09-19,31.0,56.625,1003.5
2014-09-20,31.125,55.75,1002.875
2014-09-21,30.5,54.875,1003.625
2014-09-22,30.625,50.0,1004.5
2014-09-23,31.0,47.0,1004.2857142857144
2014-09-24,29.625,53.0,1006.25
2014-09-25,30.0,52.5,1007.75
2014-09-26,30.0,52.5,1008.125
2014-09-27,30.5,46.875,1009.25
2014-09-28,30.25,48.875,1009.625
2014-09-29,30.5,48.75,1009.125
2014-09-30,30.625,50.125,1009.625
2014-10-01,30.428571428571427,52.85714285714285,1010.4285714285714
2014-10-02,30.375,53.375,1009.125
2014-10-03,30.5,52.625,1008.0
2014-10-04,31.0,53.5,1008.5
2014-10-05,30.625,56.125,1010.375
2014-10-06,30.625,56.75,1010.125
2014-10-07,31.0,59.375,1008.375
2014-10-08,28.75,52.75,1009.875
2014-10-09,27.625,49.875,1010.125
2014-10-10,27.125,57.375,1008.75
2014-10-11,25.714285714285715,57.142857142857146,1008.25
2014-10-12,26.0,58.625,1008.375
2014-10-13,27.625,59.75,1009.875
2014-10-14,24.5,67.625,1010.875
2014-10-15,24.5,68.0,1013.375
2014-10-16,23.0,58.875,1014.0
2014-10-17,25.0,47.66666666666666,1013.625
2014-10-18,24.0,56.142857142857146,1012.875
2014-10-19,23.75,57.75,1012.625
2014-10-20,24.75,55.625,1013.125
2014-10-21,25.625,56.125,1014.625
2014-10-22,25.75,64.875,1014.5
2014-10-23,25.25,66.0,1012.75
2014-10-24,25.5,67.5,1011.75
2014-10-25,25.25,67.125,1012.375
2014-10-26,25.125,65.5,1014.875
2014-10-27,24.875,62.875,1013.75
2014-10-28,25.125,64.75,1012.0
2014-10-29,24.75,65.75,1012.125
2014-10-30,23.875,61.375,1014.5
2014-10-31,23.375,58.25,1013.625
2014-11-01,22.5,50.875,1014.125
2014-11-02,22.875,49.125,1014.5
2014-11-03,23.375,52.75,1013.5
2014-11-04,23.625,56.625,1012.125
2014-11-05,22.75,56.25,1012.375
2014-11-06,23.0,56.25,1011.625
2014-11-07,24.0,66.125,1012.875
2014-11-08,23.875,66.25,1014.625
2014-11-09,24.125,56.375,1015.125
2014-11-10,21.375,52.125,1014.0
2014-11-11,19.25,55.125,1014.75
2014-11-12,19.625,52.0,1015.875
2014-11-13,18.5,50.5,1016.5
2014-11-14,18.375,43.0,1016.375
2014-11-15,18.625,44.75,1014.875
2014-11-16,18.25,47.625,1015.375
2014-11-17,17.75,51.75,1016.125
2014-11-18,17.625,53.0,1017.875
2014-11-19,17.5,58.125,1016.5
2014-11-20,20.375,54.625,1013.375
2014-11-21,18.25,62.125,1012.75
2014-11-22,19.875,58.875,1011.375
2014-11-23,17.125,57.375,1014.625
2014-11-24,16.875,52.25,1016.0
2014-11-25,16.5,51.5,1014.875
2014-11-26,19.625,51.0,1009.875
2014-11-27,18.125,63.875,1011.75
2014-11-28,19.375,67.375,1012.5
2014-11-29,20.25,67.625,1012.375
2014-11-30,19.75,54.75,1014.0
2014-12-01,20.0,42.625,1013.75
2014-12-02,21.375,47.625,1012.75
2014-12-03,25.0,66.57142857142857,1007.0
2014-12-04,21.25,68.875,1010.375
2014-12-05,17.75,59.875,1017.125
2014-12-06,18.25,48.875,1016.375
2014-12-07,17.25,48.375,1014.75
2014-12-08,17.0,49.875,1015.0
2014-12-09,15.285714285714286,67.57142857142857,1016.8571428571428
2014-12-10,21.5,65.5,1010.5
2014-12-11,19.625,70.5,1011.625
2014-12-12,17.5,65.625,1014.375
2014-12-13,16.0,71.875,1016.125
2014-12-14,16.875,86.625,1014.5
2014-12-15,16.625,75.75,1016.125
2014-12-16,17.75,72.375,1017.375
2014-12-17,12.875,72.125,1020.25
2014-12-18,11.75,79.75,1021.375
2014-12-19,11.75,81.75,1022.125
2014-12-20,11.25,77.0,1018.75
2014-12-21,9.5,79.125,1018.0
2014-12-22,9.375,85.0,1017.125
2014-12-23,9.625,78.625,1017.875
2014-12-24,9.875,83.0,1021.25
2014-12-25,9.25,81.125,1020.125
2014-12-26,10.75,77.0,1017.75
2014-12-27,10.375,69.0,1018.625
2014-12-28,9.0,86.0,1019.75
2014-12-29,11.125,72.625,1017.25
2014-12-30,11.625,70.625,1014.625
2014-12-31,12.375,67.125,1016.875
2015-01-01,14.75,72.0,1017.5
2015-01-02,14.875,96.625,1017.875
2015-01-03,15.125,92.0,1017.375
2015-01-04,14.125,78.75,1019.625
2015-01-05,14.0,69.375,1016.0
2015-01-06,12.0,79.875,1015.5
2015-01-07,9.625,86.0,1016.625
2015-01-08,10.0,87.875,1019.125
2015-01-09,10.625,80.625,1020.125
2015-01-10,11.125,73.125,1018.875
2015-01-11,11.0,80.75,1019.125
2015-01-12,10.625,79.5,1019.5
2015-01-13,12.25,77.875,1017.125
2015-01-14,12.0,82.25,1017.5
2015-01-15,12.375,79.125,1019.375
2015-01-16,13.0,78.125,1019.25
2015-01-17,13.5,76.625,1019.25
2015-01-18,13.0,73.875,1018.75
2015-01-19,13.75,78.0,1018.875
2015-01-20,13.375,74.375,1020.0
2015-01-21,13.25,73.375,1021.0
2015-01-22,12.625,94.125,1020.625
2015-01-23,14.625,85.0,1020.0
2015-01-24,12.375,86.25,1020.75
2015-01-25,13.25,77.75,1020.375
2015-01-26,13.75,88.125,1019.875
2015-01-27,13.25,74.25,1019.3333333333334
2015-01-28,11.714285714285714,67.0,1018.25
2015-01-29,11.5,67.5,1019.75
2015-01-30,12.75,56.125,1020.375
2015-01-31,13.75,57.625,1017.875
2015-02-01,15.0,65.25,1017.75
2015-02-02,17.375,63.875,1017.5
2015-02-03,16.75,71.25,1020.5
2015-02-04,14.625,81.125,1022.0
2015-02-05,14.625,62.875,1019.25
2015-02-06,15.125,62.625,1019.0
2015-02-07,15.875,67.625,1017.0
2015-02-08,16.625,63.875,1017.375
2015-02-09,16.875,63.5,1019.75
2015-02-10,15.75,64.0,1019.75
2015-02-11,16.0,66.625,1017.125
2015-02-12,15.5,69.625,1016.125
2015-02-13,17.25,59.0,1012.625
2015-02-14,19.375,63.125,1009.625
2015-02-15,18.875,70.125,1012.625
2015-02-16,20.625,71.25,1013.625
2015-02-17,21.142857142857142,72.57142857142857,1011.8571428571428
2015-02-18,21.25,72.875,1011.75
2015-02-19,22.75,73.5,1012.0
2015-02-20,22.75,67.125,1013.875
2015-02-21,21.875,63.5,1014.125
2015-02-22,22.142857142857142,58.85714285714285,1013.375
2015-02-23,21.5,74.375,1014.25
2015-02-24,22.875,72.375,1010.625
2015-02-25,23.125,58.625,1008.5
2015-02-26,20.0,34.375,1009.875
2015-02-27,19.25,43.125,1013.0
2015-02-28,21.25,45.5,1013.0
2015-03-01,17.375,92.75,1011.125
2015-03-02,17.5,89.875,1012.5
2015-03-03,16.25,82.5,1013.75
2015-03-04,16.75,69.25,1014.0
2015-03-05,18.75,64.0,1015.75
2015-03-06,20.0,62.375,1016.375
2015-03-07,18.375,80.375,1013.7142857142856
2015-03-08,19.5,74.125,1015.375
2015-03-09,18.125,54.25,1021.0
2015-03-10,17.75,68.5,1019.125
2015-03-11,18.25,69.875,1018.125
2015-03-12,20.5,63.375,1017.0
2015-03-13,21.375,65.25,1014.75
2015-03-14,21.5,64.625,1015.125
2015-03-15,17.625,89.125,1015.5
2015-03-16,19.857142857142858,81.85714285714286,1017.375
2015-03-17,20.875,70.375,1015.875
2015-03-18,20.25,69.625,1013.5
2015-03-19,21.125,66.0,1014.875
2015-03-20,22.5,65.75,1014.875
2015-03-21,24.875,60.5,1014.875
2015-03-22,25.125,64.0,1012.0
2015-03-23,24.75,65.75,1010.0
2015-03-24,25.75,65.5,1010.25
2015-03-25,26.625,65.625,1011.8571428571428
2015-03-26,28.5,54.375,1013.0
2015-03-27,27.375,51.375,1012.0
2015-03-28,27.0,53.625,1009.625
2015-03-29,25.0,52.75,1008.625
2015-03-30,23.5,66.25,1010.375
2015-03-31,25.25,64.875,1010.1428571428572
2015-04-01,26.428571428571427,59.71428571428572,1007.5
2015-04-02,28.714285714285715,45.285714285714285,1004.625
2015-04-03,24.5,71.125,1004.75
2015-04-04,21.0,77.5,1005.25
2015-04-05,23.571428571428573,67.71428571428571,1007.75
2015-04-06,25.0,60.125,1007.75
2015-04-07,23.75,62.125,1010.25
2015-04-08,25.625,50.375,1012.0
2015-04-09,26.0,52.875,1010.5
2015-04-10,27.125,52.25,1008.5
2015-04-11,28.25,44.875,1008.375
2015-04-12,24.375,63.0,1012.375
2015-04-13,24.75,70.875,1013.75
2015-04-14,26.25,62.75,1012.75
2015-04-15,27.625,59.25,1012.875
2015-04-16,25.25,58.25,1013.875
2015-04-17,28.125,48.75,1007.125
2015-04-18,30.125,44.5,1002.375
2015-04-19,32.125,41.0,1003.875
2015-04-20,32.875,37.875,1005.75
2015-04-21,31.75,28.5,1005.625
2015-04-22,30.75,30.25,1003.125
2015-04-23,30.75,33.0,1004.0
2015-04-24,31.125,39.5,1004.375
2015-04-25,30.5,43.125,1005.875
2015-04-26,28.75,51.125,1008.0
2015-04-27,30.125,53.0,1006.75
2015-04-28,31.0,48.25,1004.5
2015-04-29,31.25,47.25,1005.0
2015-04-30,32.625,44.75,1004.0
2015-05-01,31.25,43.5,1005.875
2015-05-02,30.125,40.25,1006.25
2015-05-03,31.0,39.25,1006.625
2015-05-04,30.875,39.25,1006.625
2015-05-05,32.125,31.125,1003.875
2015-05-06,34.125,22.0,1001.875
2015-05-07,35.42857142857143,60.429086599529164,1003.5714285714286
2015-05-08,34.125,22.375,1003.25
2015-05-09,35.125,27.0,1001.625
2015-05-10,35.125,25.0,1001.375
2015-05-11,34.0,32.625,1003.625
2015-05-12,33.125,46.0,1004.875
2015-05-13,27.75,61.0,1006.125
2015-05-14,29.625,49.625,1007.25
2015-05-15,28.5,52.125,1006.5
2015-05-16,30.0,51.625,1003.25
2015-05-17,33.25,40.375,1001.125
2015-05-18,35.375,35.75,1000.0
2015-05-19,31.5,44.0,1002.125
2015-05-20,33.125,31.625,1002.0
2015-05-21,35.625,24.625,1000.375
2015-05-22,36.25,19.5,998.125
2015-05-23,37.375,21.75,996.125
2015-05-24,36.0,29.25,997.375
2015-05-25,37.75,22.25,996.875
2015-05-26,35.25,26.625,1001.5
2015-05-27,33.75,20.5,1001.25
2015-05-28,34.75,29.5,1000.625
2015-05-29,35.125,27.25,1001.625
2015-05-30,32.25,38.75,1003.875
2015-05-31,34.25,25.0,1001.75
2015-06-01,29.375,41.75,1003.25
2015-06-02,31.625,39.25,1003.5
2015-06-03,28.625,50.5,1004.625
2015-06-04,31.875,48.375,1004.0
2015-06-05,32.625,39.875,1003.5
2015-06-06,33.375,39.75,1001.375
2015-06-07,35.0,36.25,999.25
2015-06-08,36.5,33.0,998.875
2015-06-09,37.625,23.875,998.875
2015-06-10,36.625,32.285714285714285,999.625
2015-06-11,35.625,34.75,1000.0
2015-06-12,35.875,34.625,998.5
2015-06-13,31.125,48.125,998.8571428571428
2015-06-14,27.0,77.625,1000.2857142857144
2015-06-15,31.0,60.75,999.5714285714286
2015-06-16,32.375,52.125,999.1428571428572
2015-06-17,33.875,49.75,998.0
2015-06-18,35.125,45.125,997.625
2015-06-19,35.875,46.75,996.25
2015-06-20,33.125,48.5,997.875
2015-06-21,30.375,63.625,998.125
2015-06-22,32.125,59.5,995.625
2015-06-23,31.5,61.625,995.0
2015-06-24,37.25,63.875,995.375
2015-06-25,26.625,82.75,994.75
2015-06-26,31.125,54.25,995.25
2015-06-27,32.625,48.25,997.125
2015-06-28,34.25,47.5,1000.2857142857144
2015-06-29,31.125,56.625,1003.625
2015-06-30,30.875,58.625,1002.625
2015-07-01,32.0,53.25,1001.875
2015-07-02,33.75,45.875,1001.125
2015-07-03,33.0,49.0,999.625
2015-07-04,34.125,51.5,997.5
2015-07-05,35.714285714285715,47.285714285714285,995.4285714285714
2015-07-06,27.875,83.25,997.875
2015-07-07,28.125,86.125,998.125
2015-07-08,31.25,72.0,998.625
2015-07-09,29.625,77.25,998.625
2015-07-10,26.625,92.125,998.75
2015-07-11,25.5,98.0,999.3333333333334
2015-07-12,25.5,94.75,998.625
2015-07-13,29.875,73.125,1000.625
2015-07-14,30.875,67.875,997.8571428571428
2015-07-15,33.375,52.875,993.75
2015-07-16,31.75,61.375,994.75
2015-07-17,30.75,75.625,997.25
2015-07-18,29.5,78.875,998.0
2015-07-19,30.125,70.0,997.625
2015-07-20,29.125,78.0,999.125
2015-07-21,31.375,69.25,1000.0
2015-07-22,32.25,64.125,1001.125
2015-07-23,32.125,64.875,1001.75
2015-07-24,32.0,64.75,1001.0
2015-07-25,30.857142857142858,71.0,998.5714285714286
2015-07-26,30.0,71.625,998.875
2015-07-27,29.625,69.0,1000.2857142857144
2015-07-28,29.5,61.0,1000.125
2015-07-29,28.5,68.125,998.0
2015-07-30,29.0,67.75,998.875
2015-07-31,29.0,71.0,999.75
2015-08-01,28.25,71.75,1002.75
2015-08-02,29.625,69.5,1003.625
2015-08-03,31.5,58.625,1001.875
2015-08-04,29.428571428571427,77.78571428571429,1000.0714285714286
2015-08-05,29.59375,79.65625,1000.28125
2015-08-06,29.5,79.125,998.0
2015-08-07,29.25,83.0,1000.0
2015-08-08,28.875,84.875,1002.0
2015-08-09,27.375,90.125,1000.25
2015-08-10,30.375,77.0,1000.0
2015-08-11,28.375,86.625,1003.0
2015-08-12,30.75,74.25,1003.125
2015-08-13,32.0,69.5,1001.875
2015-08-14,30.875,72.625,1002.0
2015-08-15,28.5,85.5,1002.75
2015-08-16,28.625,82.625,1002.875
2015-08-17,30.75,72.625,1001.375
2015-08-18,29.125,72.875,1002.5714285714286
2015-08-19,31.25,61.25,1002.375
2015-08-20,30.75,58.625,1001.375
2015-08-21,29.375,72.0,1002.0
2015-08-22,30.25,65.375,1000.875
2015-08-23,29.875,69.375,1000.8571428571428
2015-08-24,30.75,65.625,1001.75
2015-08-25,32.0,57.285714285714285,1001.0
2015-08-26,32.0,61.0,1001.125
2015-08-27,32.5,61.0,1002.0
2015-08-28,32.0,63.5,1002.25
2015-08-29,32.25,58.0,1001.375
2015-08-30,32.625,56.5,1001.375
2015-08-31,31.857142857142858,54.42857142857143,1001.8333333333334
2015-09-01,32.125,47.625,1000.8571428571428
2015-09-02,31.875,45.625,1001.75
2015-09-03,31.625,49.125,1005.5
2015-09-04,32.0,42.625,1007.875
2015-09-05,30.875,47.25,1007.125
2015-09-06,31.25,41.8,1006.25
2015-09-07,31.5,46.375,1005.75
2015-09-08,31.625,47.0,1005.5
2015-09-09,31.0,47.875,1005.625
2015-09-10,31.25,46.5,1006.75
2015-09-11,30.75,49.75,1006.25
2015-09-12,32.142857142857146,54.42857142857143,1006.0
2015-09-13,32.125,55.25,1005.875
2015-09-14,31.875,54.375,1003.625
2015-09-15,33.0,55.0,1003.25
2015-09-16,32.375,55.0,1003.625
2015-09-17,31.375,58.375,1004.375
2015-09-18,31.0,67.625,1005.125
2015-09-19,30.625,74.25,1003.625
2015-09-20,29.142857142857142,69.14285714285714,1002.8571428571428
2015-09-21,30.125,64.5,1002.5
2015-09-22,30.25,64.375,1002.5
2015-09-23,28.625,61.25,1006.375
2015-09-24,28.25,52.375,1004.625
2015-09-25,28.5,49.375,1003.75
2015-09-26,29.25,53.5,1005.25
2015-09-27,28.714285714285715,58.142857142857146,1007.0
2015-09-28,28.25,58.5,1009.0
2015-09-29,29.0,54.57142857142857,1010.5714285714286
2015-09-30,29.0,46.875,1011.375
2015-10-01,28.125,51.25,1012.0
2015-10-02,28.285714285714285,53.71428571428572,1010.75
2015-10-03,30.0,52.333333333333336,1008.7142857142856
2015-10-04,29.0,54.375,1008.125
2015-10-05,28.875,59.375,1009.25
2015-10-06,28.375,61.125,1009.0
2015-10-07,28.625,65.75,1009.125
2015-10-08,28.375,65.125,1007.5
2015-10-09,28.5,59.75,1004.25
2015-10-10,28.5,54.625,1005.0
2015-10-11,28.571428571428573,51.57142857142857,1008.7142857142856
2015-10-12,29.25,54.125,1010.0
2015-10-13,29.5,62.875,1011.0
2015-10-14,28.125,63.625,1013.25
2015-10-15,27.5,66.0,1013.5
2015-10-16,27.875,62.625,1013.5
2015-10-17,28.0,63.75,1012.25
2015-10-18,26.857142857142858,71.71428571428571,1013.125
2015-10-19,28.142857142857142,66.28571428571429,1011.7142857142856
2015-10-20,27.714285714285715,64.85714285714286,1009.8571428571428
2015-10-21,26.5,62.125,1011.875
2015-10-22,24.75,56.0,1012.25
2015-10-23,24.0,51.625,1011.875
2015-10-24,24.875,53.25,1011.625
2015-10-25,26.375,47.125,1012.75
2015-10-26,25.625,52.125,1014.875
2015-10-27,24.75,54.25,1013.875
2015-10-28,20.875,57.25,1015.875
2015-10-29,22.125,63.5,1016.875
2015-10-30,22.375,67.25,1016.375
2015-10-31,22.375,69.375,1016.125
2015-11-01,22.875,70.5,1016.25
2015-11-02,23.375,71.375,1015.875
2015-11-03,24.0,67.875,1014.25
2015-11-04,23.75,69.0,1012.25
2015-11-05,22.125,75.25,1012.375
2015-11-06,22.875,74.375,1012.75
2015-11-07,21.875,74.875,1014.625
2015-11-08,21.875,70.25,1015.875
2015-11-09,21.75,73.625,1015.0
2015-11-10,22.75,72.625,1013.5
2015-11-11,21.875,59.5,1014.375
2015-11-12,21.875,60.5,1015.375
2015-11-13,22.375,59.375,1014.875
2015-11-14,22.375,59.625,1012.0
2015-11-15,22.5,62.0,1012.0
2015-11-16,21.875,50.375,1012.625
2015-11-17,19.875,48.375,1013.5
2015-11-18,18.5,57.625,1016.375
2015-11-19,18.5,64.75,1017.5
2015-11-20,18.5,66.0,1016.125
2015-11-21,18.75,67.625,1015.5
2015-11-22,18.625,64.875,1015.125
2015-11-23,17.0,73.5,1015.875
2015-11-24,18.5,63.0,1016.0
2015-11-25,19.375,56.375,1014.75
2015-11-26,20.0,59.5,1012.75
2015-11-27,18.5,66.25,1011.25
2015-11-28,18.75,82.125,1015.375
2015-11-29,18.125,81.25,1018.0
2015-11-30,19.5,82.375,1016.75
2015-12-01,19.25,78.75,1014.75
2015-12-02,18.125,72.125,1016.125
2015-12-03,17.625,70.25,1016.0
2015-12-04,17.625,67.5,1015.0
2015-12-05,17.5,72.375,1015.875
2015-12-06,17.125,75.875,1016.5
2015-12-07,17.625,76.875,1017.25
2015-12-08,18.428571428571427,71.28571428571429,1015.7142857142856
2015-12-09,18.375,78.125,1015.25
2015-12-10,19.0,77.25,1011.75
2015-12-11,17.25,77.875,1011.375
2015-12-12,13.25,91.0,1014.25
2015-12-13,12.875,67.0,1016.5
2015-12-14,13.25,63.625,1017.0
2015-12-15,13.125,63.875,1016.5
2015-12-16,13.0,65.5,1016.375
2015-12-17,12.25,73.625,1016.875
2015-12-18,12.875,71.25,1018.625
2015-12-19,12.375,71.875,1019.0
2015-12-20,11.75,70.25,1018.5
2015-12-21,12.625,74.75,1018.875
2015-12-22,12.0,79.875,1020.875
2015-12-23,12.5,81.375,1020.625
2015-12-24,11.25,68.625,1021.25
2015-12-25,11.5,66.125,1022.0
2015-12-26,12.75,64.5,1021.125
2015-12-27,15.375,63.25,1020.625
2015-12-28,17.125,58.125,1020.875
2015-12-29,16.375,65.0,1018.125
2015-12-30,15.5,71.75,1017.5
2015-12-31,15.0,71.375,1020.5
2016-01-01,14.714285714285714,72.28571428571429,1021.1428571428572
2016-01-02,14.0,75.875,1021.0
2016-01-03,14.375,74.75,1018.5
2016-01-04,15.75,77.125,1017.625
2016-01-05,15.833333333333334,88.83333333333333,1017.0
2016-01-06,17.375,81.625,1016.5
2016-01-07,17.125,87.0,1018.125
2016-01-08,15.5,83.25,1017.25
2016-01-09,15.857142857142858,65.14285714285714,1015.4285714285714
2016-01-10,15.625,74.375,1017.5
2016-01-11,15.75,74.875,1017.5
2016-01-12,18.0,69.6875,1014.9375
2016-01-13,18.266666666666666,75.8,1014.3333333333334
2016-01-14,15.5625,80.4375,1016.125
2016-01-15,13.0,84.1875,1017.0
2016-01-16,13.6,80.06666666666666,1014.6
2016-01-17,14.0,77.66666666666667,1016.2
2016-01-18,13.266666666666667,80.46666666666667,1014.7333333333332
2016-01-19,12.357142857142858,88.57142857142857,1015.2857142857144
2016-01-20,12.066666666666666,84.2,1018.6666666666666
2016-01-21,12.1875,73.1875,1020.1875
2016-01-22,11.733333333333333,83.4,1019.4666666666668
2016-01-23,14.4375,75.875,1019.8125
2016-01-24,11.1875,86.25,1019.0625
2016-01-25,11.666666666666666,75.4,1017.2
2016-01-26,14.5625,79.6875,1015.375
2016-01-27,17.583333333333332,69.16666666666667,1014.1666666666666
2016-01-28,16.857142857142858,69.35714285714286,1015.0714285714286
2016-01-29,19.5625,70.625,1017.375
2016-01-30,20.142857142857142,78.5,1014.5
2016-01-31,17.375,78.25,1016.0
2016-02-01,15.846153846153848,65.76923076923077,1017.1538461538462
2016-02-02,15.266666666666667,55.86666666666667,1018.2
2016-02-03,13.125,66.5,1018.0
2016-02-04,16.363636363636363,53.0,1017.3333333333334
2016-02-05,12.666666666666666,70.66666666666667,1016.8333333333334
2016-02-06,15.333333333333334,69.5,1013.3333333333334
2016-02-07,15.625,77.0,1015.75
2016-02-08,17.09090909090909,67.18181818181819,1017.0909090909092
2016-02-09,17.76923076923077,67.46153846153847,1014.6923076923076
2016-02-10,18.133333333333333,64.86666666666666,1012.7333333333332
2016-02-11,19.6875,54.75,1011.25
2016-02-12,19.2,57.86666666666667,1012.5333333333332
2016-02-13,17.066666666666666,62.13333333333333,1014.8666666666668
2016-02-14,17.642857142857142,61.92857142857143,1017.2142857142856
2016-02-15,17.6,59.53333333333333,1018.7333333333332
2016-02-16,18.214285714285715,56.142857142857146,1020.0714285714286
2016-02-17,18.714285714285715,59.285714285714285,1019.1428571428572
2016-02-18,19.466666666666665,76.0,1017.4
2016-02-19,23.15384615384616,70.23076923076923,1014.6153846153846
2016-02-20,23.625,73.125,1014.125
2016-02-21,21.0,61.125,1014.75
2016-02-22,21.0,51.42857142857143,1014.4285714285714
2016-02-23,21.428571428571427,50.642857142857146,1012.5
2016-02-24,21.6875,58.0625,1012.9375
2016-02-25,22.5625,57.5,1015.5
2016-02-26,22.8,55.6,1018.4
2016-02-27,22.8,59.0,1018.4666666666668
2016-02-28,23.0,63.0625,1018.9375
2016-02-29,23.875,63.9375,1018.625
2016-03-01,24.916666666666668,57.41666666666666,1015.0
2016-03-02,24.933333333333334,57.06666666666667,1015.4
2016-03-03,26.0,55.61538461538461,1014.6153846153846
2016-03-04,27.3125,44.25,1012.6875
2016-03-05,23.933333333333334,57.13333333333333,1012.6666666666666
2016-03-06,22.8125,66.5625,1013.0625
2016-03-07,23.714285714285715,64.14285714285714,1012.3571428571428
2016-03-08,23.428571428571427,60.21428571428572,1011.6428571428572
2016-03-09,24.0,57.5625,1012.0625
2016-03-10,25.5625,57.4375,1013.1875
2016-03-11,25.066666666666663,67.8,1012.5333333333332
2016-03-12,24.5625,66.9375,1009.5625
2016-03-13,24.25,65.1875,1011.1875
2016-03-14,22.375,66.0,1014.3125
2016-03-15,24.066666666666663,58.93333333333333,1014.8666666666668
2016-03-16,23.9375,53.75,1012.8125
2016-03-17,26.3125,50.3125,1010.4375
2016-03-18,26.1875,61.25,1009.8125
2016-03-19,26.785714285714285,61.85714285714285,1009.2142857142856
2016-03-20,27.133333333333333,58.73333333333333,1010.3333333333334
2016-03-21,26.625,43.375,1011.125
2016-03-22,25.0625,37.875,1009.375
2016-03-23,26.2,43.266666666666666,1010.0
2016-03-24,28.133333333333333,46.86666666666667,1013.3333333333334
2016-03-25,29.875,50.1875,1013.1875
2016-03-26,24.666666666666668,62.66666666666666,1013.6
2016-03-27,26.25,53.6875,1012.8125
2016-03-28,25.933333333333334,52.8,1011.1973643220331
2016-03-29,27.125,47.75,1011.3125
2016-03-30,29.571428571428573,39.785714285714285,1011.1428571428572
2016-03-31,30.0,39.73333333333333,1009.2
2016-04-01,30.571428571428573,38.21428571428572,1006.7142857142856
2016-04-02,32.3125,38.5625,1008.0
2016-04-03,33.3125,44.25,1008.375
2016-04-04,32.8125,33.125,1006.6875
2016-04-05,32.3125,29.3125,1007.0
2016-04-06,31.375,33.125,1006.875
2016-04-07,29.933333333333334,37.0,1007.2666666666668
2016-04-08,29.266666666666666,36.0,1009.2
2016-04-09,30.73333333333333,32.46666666666667,1009.3125
2016-04-10,32.25,29.0,1008.8125
2016-04-11,29.8,35.0,1009.4
2016-04-12,30.2,36.2,1006.3333333333334
2016-04-13,31.75,28.0625,1003.3125
2016-04-14,33.125,23.875,1003.8125
2016-04-15,33.625,25.375,1004.625
2016-04-16,35.6875,23.6875,1003.0625
2016-04-17,34.666666666666664,23.866666666666667,1002.6666666666666
2016-04-18,34.625,30.125,1004.6875
2016-04-19,34.0,33.6,1005.8666666666668
2016-04-20,34.0625,25.9375,1006.4375
2016-04-21,34.0,24.666666666666668,1003.4
2016-04-22,33.25,24.25,1001.7272727272727
2016-04-23,31.916666666666668,21.818181818181817,1001.8461538461538
2016-04-24,31.3125,22.125,1003.0625
2016-04-25,31.75,22.8125,1005.5625
2016-04-26,33.4375,25.1875,1007.1875
2016-04-27,33.125,29.0625,1005.6875
2016-04-28,34.15384615384615,21.76923076923077,1004.6923076923076
2016-04-29,34.07142857142857,23.285714285714285,1005.7142857142856
2016-04-30,33.0625,25.5625,1004.8125
2016-05-01,34.6875,23.375,1002.4375
2016-05-02,38.0,18.466666666666665,1002.2
2016-05-03,35.5,30.375,1004.3125
2016-05-04,33.714285714285715,31.857142857142858,1003.7857142857144
2016-05-05,30.6,42.0,1007.4666666666668
2016-05-06,31.4375,37.4375,1007.0
2016-05-07,33.3125,37.1875,1005.5625
2016-05-08,35.13333333333333,36.333333333333336,1005.9333333333332
2016-05-09,33.53333333333333,40.6,1006.0625
2016-05-10,34.0,39.75,1006.5625
2016-05-11,32.5,49.9375,1006.0625
2016-05-12,35.375,40.0,1002.25
2016-05-13,37.294117647058826,28.11764705882353,1001.3529411764706
2016-05-14,36.5625,31.875,1003.125
2016-05-15,37.25,29.5,1003.5625
2016-05-16,37.21428571428572,23.5,1000.8
2016-05-17,37.5,25.8125,998.9375
2016-05-18,37.75,27.625,997.8125
2016-05-19,37.375,40.5,998.625
2016-05-20,37.4,44.2,996.9333333333332
2016-05-21,36.13333333333333,45.4,995.9333333333332
2016-05-22,36.8,44.8,996.4666666666668
2016-05-23,32.214285714285715,47.92857142857143,999.5714285714286
2016-05-24,31.526315789473685,53.526315789473685,1000.7368421052632
2016-05-25,33.21739130434783,46.60869565217392,997.4782608695652
2016-05-26,35.26923076923077,44.57692307692308,999.1538461538462
2016-05-27,38.27272727272727,26.09090909090909,999.9545454545456
2016-05-28,36.0625,37.25,999.8333333333334
2016-05-29,31.5,57.0625,1001.25
2016-05-30,26.8125,74.8125,1003.8125
2016-05-31,32.642857142857146,51.21428571428572,1002.3076923076924
2016-06-01,36.0,42.2,1002.7333333333332
2016-06-02,37.5625,35.3125,1002.0
2016-06-03,37.5625,40.6875,1002.25
2016-06-04,38.2,42.06666666666667,1001.8666666666668
2016-06-05,36.16666666666666,51.75,1002.8333333333334
2016-06-06,35.42857142857143,45.71428571428572,1001.5714285714286
2016-06-07,34.625,59.1875,1002.0625
2016-06-08,36.07142857142857,44.642857142857146,999.2142857142856
2016-06-09,35.733333333333334,43.73333333333333,1011.1973643220331
2016-06-10,36.13333333333333,41.86666666666667,998.25
2016-06-11,33.4375,49.9375,999.0
2016-06-12,35.5,37.125,998.8125
2016-06-13,36.0,43.3125,998.1875
2016-06-14,32.625,55.125,997.8125
2016-06-15,34.733333333333334,48.86666666666667,996.1333333333332
2016-06-16,33.5,51.285714285714285,999.0
2016-06-17,34.1875,52.25,999.4285714285714
2016-06-18,35.857142857142854,50.57142857142857,1000.8571428571428
2016-06-19,35.625,53.25,1001.375
2016-06-20,30.9375,73.9375,1000.6875
2016-06-21,32.875,62.1875,999.9375
2016-06-22,33.125,60.8125,1001.5625
2016-06-23,33.84615384615385,51.61538461538461,999.6923076923076
2016-06-24,36.4375,46.5625,998.3125
2016-06-25,35.42857142857143,55.92857142857143,1000.0714285714286
2016-06-26,34.86666666666667,57.46666666666667,1000.375
2016-06-27,34.3125,61.25,998.8666666666668
2016-06-28,30.785714285714285,75.07142857142857,1001.5
2016-06-29,35.375,58.875,1001.1875
2016-06-30,35.46666666666667,60.2,997.8666666666668
2016-07-01,32.125,73.4,1002.5625
2016-07-02,28.4,80.0,998.375
2016-07-03,29.5625,78.125,998.25
2016-07-04,30.6875,76.3125,997.125
2016-07-05,33.25,68.6875,995.5625
2016-07-06,33.266666666666666,64.06666666666666,996.8666666666668
2016-07-07,33.5,63.0,997.6875
2016-07-08,30.8,75.86666666666666,997.4
2016-07-09,33.25,66.0625,996.75
2016-07-10,32.5625,65.6875,996.0625
2016-07-11,31.5,71.9375,997.75
2016-07-12,30.5,80.1875,999.0625
2016-07-13,31.25,76.3125,998.4375
2016-07-14,30.4375,80.4375,998.375
2016-07-15,31.0,78.0625,998.625
2016-07-16,27.125,93.875,999.875
2016-07-17,28.125,86.5625,1001.3333333333334
2016-07-18,27.666666666666668,91.26666666666668,1000.8
2016-07-19,32.3125,69.125,999.875
2016-07-20,34.1875,59.5625,999.625
2016-07-21,34.13333333333333,56.86666666666667,999.2666666666668
2016-07-22,34.125,56.125,999.3333333333334
2016-07-23,31.875,66.0,1001.625
2016-07-24,31.4375,72.25,1011.1973643220331
2016-07-25,31.9375,69.125,1001.875
2016-07-26,30.3125,82.0,1003.125
2016-07-27,28.3125,88.25,1004.625
2016-07-28,29.53333333333333,81.33333333333333,1002.0666666666668
2016-07-29,27.375,92.4375,1000.9375
2016-07-30,27.33333333333333,92.26666666666668,1001.2
2016-07-31,29.266666666666666,83.13333333333334,1000.6666666666666
2016-08-01,29.125,84.25,999.125
2016-08-02,30.6875,72.125,1011.1973643220331
2016-08-03,32.5625,63.5625,998.5
2016-08-04,33.111111111111114,63.888888888888886,998.7777777777778
2016-08-05,33.8,61.66666666666666,999.3333333333334
2016-08-06,30.066666666666663,76.0,1000.8
2016-08-07,33.11764705882353,65.17647058823529,1000.529411764706
2016-08-08,33.80952380952381,62.38095238095238,999.6363636363636
2016-08-09,31.615384615384617,71.65384615384616,998.5
2016-08-10,32.0,71.25925925925925,999.3703703703704
2016-08-11,28.107142857142858,89.46428571428571,1001.6071428571428
2016-08-12,29.035714285714285,85.0,1002.2857142857144
2016-08-13,30.321428571428573,77.07142857142857,1001.0714285714286
2016-08-14,28.933333333333334,83.7,1011.1973643220331
2016-08-15,31.678571428571427,67.64285714285714,999.2857142857144
2016-08-16,31.33333333333333,66.41666666666667,1011.1973643220331
2016-08-17,29.928571428571427,72.5,999.5185185185184
2016-08-18,29.88888888888889,79.81481481481481,999.9230769230768
2016-08-19,32.07142857142857,68.28571428571429,999.8928571428572
2016-08-20,33.18518518518518,66.48148148148148,1000.16
2016-08-21,31.59259259259259,68.07407407407408,1001.1923076923076
2016-08-22,32.18518518518518,65.55555555555556,1002.8888888888888
2016-08-23,31.48,70.08,1003.24
2016-08-24,30.178571428571427,79.28571428571429,1002.5
2016-08-25,31.52,72.44,1004.4230769230768
2016-08-26,31.22222222222222,73.81481481481481,1005.2222222222222
2016-08-27,31.785714285714285,70.28571428571429,1006.1428571428572
2016-08-28,33.4,66.24,1006.2
2016-08-29,29.571428571428573,82.32142857142857,1003.6071428571428
2016-08-30,30.04,76.8,1002.1923076923076
2016-08-31,27.25925925925926,89.55555555555556,1003.0370370370372
2016-09-01,27.96,87.24,1002.44
2016-09-02,30.73913043478261,71.73913043478261,1001.2727272727273
2016-09-03,30.894736842105264,62.68421052631579,1001.157894736842
2016-09-04,31.692307692307693,59.30769230769231,1002.9230769230768
2016-09-05,31.07692307692308,60.30769230769231,1003.2307692307692
2016-09-06,30.375,55.0,1003.75
2016-09-07,31.1,57.7,1003.4545454545456
2016-09-08,31.916666666666668,58.0,1005.1666666666666
2016-09-09,30.55555555555556,56.66666666666666,1004.3333333333334
2016-09-10,31.23076923076923,58.23076923076923,1005.2307692307692
2016-09-11,31.0,56.4,1003.8
2016-09-12,31.642857142857142,55.5,1005.0714285714286
2016-09-13,32.53333333333333,57.06666666666667,1006.4
2016-09-14,30.857142857142858,70.35714285714286,1006.9285714285714
2016-09-15,31.727272727272727,59.63636363636363,1004.75
2016-09-16,31.4,58.0,1004.4
2016-09-17,32.30769230769231,58.0,1003.1538461538462
2016-09-18,32.25,58.833333333333336,1005.0
2016-09-19,32.375,59.458333333333336,1004.7083333333334
2016-09-20,33.44444444444444,54.07407407407408,1003.5185185185184
2016-09-21,33.36,58.96,1005.4
2016-09-22,30.03703703703704,67.62962962962963,1008.7777777777778
2016-09-23,31.0,66.10714285714286,1005.3214285714286
2016-09-24,31.24,66.48,1011.1973643220331
2016-09-25,31.13043478260869,62.30434782608695,1004.782608695652
2016-09-26,31.48,60.88,1006.76
2016-09-27,32.18518518518518,57.81481481481482,1006.7037037037036
2016-09-28,32.44,55.28,1005.28
2016-09-29,32.22727272727273,61.31818181818182,1005.5909090909092
2016-09-30,32.214285714285715,59.35714285714285,1005.5714285714286
2016-10-01,32.541666666666664,61.91666666666666,1007.5
2016-10-02,32.81481481481482,61.81481481481482,1009.1111111111112
2016-10-03,33.26923076923077,59.57692307692308,1007.1851851851852
2016-10-04,30.55555555555556,69.81481481481481,1005.3703703703704
2016-10-05,28.83333333333333,71.875,1005.25
2016-10-06,30.703703703703702,64.81481481481481,1007.1481481481482
2016-10-07,30.96,59.96,1007.2
2016-10-08,30.6,57.96,1006.8461538461538
2016-10-09,30.92,59.2,1005.96
2016-10-10,29.77777777777778,51.11111111111112,1006.1481481481482
2016-10-11,29.666666666666668,51.14814814814815,1006.5925925925926
2016-10-12,29.571428571428573,47.285714285714285,1006.25
2016-10-13,29.96296296296296,44.0,1008.3333333333334
2016-10-14,29.75,47.875,1009.125
2016-10-15,27.74074074074074,54.14814814814815,1010.5185185185184
2016-10-16,28.428571428571427,49.85714285714285,1011.8571428571428
2016-10-17,28.6,49.24,1010.56
2016-10-18,28.5,48.458333333333336,1009.4583333333334
2016-10-19,28.925925925925927,49.18518518518518,1008.5555555555557
2016-10-20,29.07692307692308,47.73076923076923,1007.5384615384615
2016-10-21,28.40909090909091,50.40909090909091,1008.7272727272727
2016-10-22,29.33333333333333,49.48148148148148,1009.3703703703704
2016-10-23,27.5,54.96153846153846,1009.3076923076924
2016-10-24,28.5,51.42307692307692,1008.2692307692308
2016-10-25,28.04,54.56,1008.9230769230768
2016-10-26,27.57692307692308,56.19230769230769,1011.7307692307692
2016-10-27,26.55555555555556,59.37037037037037,1014.6296296296296
2016-10-28,25.51851851851852,58.77777777777778,1012.4074074074074
2016-10-29,25.814814814814813,62.77777777777778,1013.0
2016-10-30,24.82608695652174,71.04347826086956,1014.608695652174
2016-10-31,24.53846153846154,66.8076923076923,1017.8076923076924
2016-11-01,24.384615384615383,58.73076923076923,1016.3846153846154
2016-11-02,23.727272727272727,65.9090909090909,1016.5909090909092
2016-11-03,25.64,59.76,1016.24
2016-11-04,24.814814814814813,58.2962962962963,1012.6296296296296
2016-11-05,23.115384615384617,66.57692307692308,1010.3461538461538
2016-11-06,22.925925925925927,63.851851851851855,1011.5185185185184
2016-11-07,24.545454545454547,51.31818181818182,1012.7727272727273
2016-11-08,23.73076923076923,52.26923076923077,1013.64
2016-11-09,23.0,49.7037037037037,1014.6666666666666
2016-11-10,23.51851851851852,50.14814814814815,1013.8148148148148
2016-11-11,23.92,54.04,1014.08
2016-11-12,23.53846153846154,58.03846153846154,1015.1538461538462
2016-11-13,24.296296296296298,55.81481481481482,1016.5185185185184
2016-11-14,23.346153846153847,60.73076923076923,1015.7307692307692
2016-11-15,22.24,55.72,1016.24
2016-11-16,21.76923076923077,53.23076923076923,1017.5384615384615
2016-11-17,21.73076923076923,51.73076923076923,1011.1973643220331
2016-11-18,21.73076923076923,53.61538461538461,1014.6923076923076
2016-11-19,20.666666666666668,60.66666666666666,1012.4666666666668
2016-11-20,22.25,59.9,1013.35
2016-11-21,21.53846153846154,60.46153846153846,1013.0
2016-11-22,22.57894736842105,50.1578947368421,1012.8947368421052
2016-11-23,22.82608695652174,51.43478260869565,1013.1739130434784
2016-11-24,21.42105263157895,51.47368421052632,1014.9473684210526
2016-11-25,23.6,30.55,1012.95
2016-11-26,24.294117647058822,32.64705882352941,1013.25
2016-11-27,23.63636363636364,33.63636363636363,1013.5909090909092
2016-11-28,22.454545454545453,37.31818181818182,1011.1973643220331
2016-11-29,21.61111111111111,53.72222222222222,1015.0
2016-11-30,19.869565217391305,80.08695652173913,1016.608695652174
2016-12-01,19.75,84.0,1016.875
2016-12-02,19.20833333333333,75.875,1017.75
2016-12-03,21.20833333333333,52.16666666666666,1019.3333333333334
2016-12-04,18.9,55.25,1019.7
2016-12-05,18.63636363636364,56.59090909090909,1017.0454545454544
2016-12-06,18.53846153846154,69.92307692307692,1017.9615384615385
2016-12-07,18.25,74.35,1017.421052631579
2016-12-08,16.9,73.3,1016.2
2016-12-09,19.416666666666668,68.125,1013.4166666666666
2016-12-10,16.444444444444443,82.83333333333333,1014.0
2016-12-11,20.041666666666668,69.58333333333333,1013.2916666666666
2016-12-12,19.90909090909091,63.86363636363637,1014.181818181818
2016-12-13,19.05,62.35,1015.1
2016-12-14,18.55555555555556,58.61111111111112,1017.3333333333334
2016-12-15,18.166666666666668,56.625,1016.6666666666666
2016-12-16,15.833333333333334,63.27777777777778,1018.7777777777778
2016-12-17,17.5,63.388888888888886,1016.9473684210526
2016-12-18,16.083333333333332,64.54166666666667,1018.0833333333334
2016-12-19,17.857142857142858,56.095238095238095,1017.4285714285714
2016-12-20,19.8,48.53333333333333,1015.2
2016-12-21,18.05,54.3,1015.6190476190476
2016-12-22,17.285714285714285,57.85714285714285,1016.1428571428572
2016-12-23,15.55,74.7,1014.25
2016-12-24,17.318181818181817,78.63636363636364,1011.318181818182
2016-12-25,14.0,94.3,1014.35
2016-12-26,17.142857142857142,74.85714285714286,1016.952380952381
2016-12-27,16.85,67.55,1017.2
2016-12-28,17.217391304347824,68.04347826086956,1015.5652173913044
2016-12-29,15.238095238095235,87.85714285714286,1016.904761904762
2016-12-30,14.095238095238097,89.66666666666667,1017.904761904762
2016-12-31,15.052631578947368,87.0,1016.1
2017-01-01,10.0,100.0,1016.0
2017-01-02,18.5,77.22222222222223,1018.2777777777778
2017-01-03,17.11111111111111,81.88888888888889,1018.3333333333334
2017-01-04,18.7,70.05,1015.7
2017-01-05,18.38888888888889,74.94444444444444,1014.3333333333334
2017-01-06,19.318181818181817,79.31818181818181,1011.7727272727273
2017-01-07,14.708333333333334,95.83333333333331,1011.375
2017-01-08,15.68421052631579,83.52631578947368,1015.55
2017-01-09,14.571428571428571,80.80952380952381,1015.952380952381
2017-01-10,12.11111111111111,71.94444444444444,1016.8888888888888
2017-01-11,11.0,72.11111111111111,1016.7777777777778
2017-01-12,11.789473684210526,74.57894736842105,1016.3684210526316
2017-01-13,13.235294117647058,67.05882352941177,1017.529411764706
2017-01-14,13.2,74.28,1018.84
2017-01-15,16.434782608695652,72.56521739130434,1018.1304347826087
2017-01-16,14.65,78.45,1017.15
2017-01-17,11.72222222222222,84.44444444444444,1018.3888888888888
2017-01-18,13.041666666666666,78.33333333333333,1021.9583333333334
2017-01-19,14.61904761904762,75.14285714285714,1022.809523809524
2017-01-20,15.263157894736842,66.47368421052632,1021.7894736842104
2017-01-21,15.391304347826088,70.8695652173913,1020.4782608695652
2017-01-22,18.44,76.24,1021.04
2017-01-23,18.11764705882353,76.0,1019.8235294117648
2017-01-24,18.347826086956523,68.1304347826087,1018.8695652173913
2017-01-25,21.0,69.96,1018.4
2017-01-26,16.178571428571427,91.64285714285714,1017.7857142857144
2017-01-27,16.5,77.04166666666667,1018.125
2017-01-28,14.863636363636363,82.77272727272727,1019.6363636363636
2017-01-29,15.666666666666666,81.77777777777777,1017.3888888888888
2017-01-30,16.444444444444443,77.55555555555556,1015.8333333333334
2017-01-31,16.125,76.0,1015.5
2017-02-01,15.25,78.625,1017.5
2017-02-02,17.09090909090909,66.54545454545455,1018.9090909090908
2017-02-03,15.636363636363637,78.18181818181819,1017.7272727272727
2017-02-04,18.7,77.6,1014.4
2017-02-05,18.63157894736842,77.63157894736842,1014.2105263157896
2017-02-06,16.88888888888889,69.66666666666667,1016.0
2017-02-07,15.125,63.75,1016.125
2017-02-08,15.7,68.4,1015.6
2017-02-09,15.375,68.375,1016.375
2017-02-10,14.666666666666666,71.77777777777777,1015.6666666666666
2017-02-11,15.625,64.0,1016.625
2017-02-12,16.25,70.375,1019.625
2017-02-13,16.333333333333332,67.0,1021.5555555555557
2017-02-14,16.875,65.5,1021.375
2017-02-15,17.571428571428573,67.71428571428571,1020.5714285714286
2017-02-16,20.25,56.75,1017.625
2017-02-17,21.3,64.4,1016.5
2017-02-18,21.125,70.75,1016.25
2017-02-19,22.363636363636363,66.0909090909091,1013.0
2017-02-20,23.375,60.125,1005.375
2017-02-21,21.83333333333333,69.41666666666667,1007.4166666666666
2017-02-22,19.125,57.125,1012.25
2017-02-23,18.625,42.875,1015.25
2017-02-24,19.125,40.375,1016.125
2017-02-25,19.0,50.42857142857143,1014.2857142857144
2017-02-26,18.75,59.0,1012.375
2017-02-27,19.875,58.375,1014.25
2017-02-28,23.33333333333333,51.66666666666666,1013.1111111111112
2017-03-01,24.46153846153846,47.92307692307692,1012.9230769230768
2017-03-02,23.75,54.25,1012.15
2017-03-03,20.5,42.5,1010.625
2017-03-04,19.125,43.125,1010.0
2017-03-05,19.75,41.25,1010.5
2017-03-06,20.0,42.44444444444444,1010.3333333333334
2017-03-07,22.625,41.5,1007.375
2017-03-08,21.545454545454547,52.72727272727273,1008.9090909090908
2017-03-09,20.785714285714285,69.07142857142857,1007.3571428571428
2017-03-10,19.9375,67.75,1006.875
2017-03-11,18.53333333333333,60.4,1009.8
2017-03-12,17.375,56.625,1014.75
2017-03-13,17.444444444444443,49.333333333333336,1014.8888888888888
2017-03-14,18.0,56.333333333333336,1016.5555555555557
2017-03-15,19.875,54.75,1014.125
2017-03-16,24.0,49.2,1011.1
2017-03-17,20.9,59.7,1010.7
2017-03-18,24.692307692307693,46.30769230769231,1009.8461538461538
2017-03-19,24.666666666666668,52.27777777777778,1011.8888888888888
2017-03-20,23.33333333333333,54.66666666666666,1012.5555555555557
2017-03-21,25.0,49.0,1011.75
2017-03-22,27.25,45.0,1009.75
2017-03-23,28.0,49.75,1008.875
2017-03-24,28.916666666666668,37.66666666666666,1010.5833333333334
2017-03-25,26.5,39.375,1009.875
2017-03-26,29.1,37.1,1010.2
2017-03-27,29.5,38.625,1009.5
2017-03-28,29.88888888888889,40.66666666666666,1009.0
2017-03-29,31.0,34.5,1007.125
2017-03-30,29.285714285714285,36.85714285714285,1007.1428571428572
2017-03-31,30.625,37.625,1007.5
2017-04-01,31.375,35.125,1005.0
2017-04-02,29.75,33.75,1004.25
2017-04-03,30.5,29.75,1004.25
2017-04-04,30.933333333333334,31.866666666666667,1007.2
2017-04-05,29.23076923076923,46.0,1005.0
2017-04-06,31.22222222222222,26.0,1002.8888888888888
2017-04-07,27.0,29.875,1007.375
2017-04-08,25.625,29.375,1010.375
2017-04-09,27.125,21.125,1010.625
2017-04-10,27.857142857142858,19.428571428571427,1008.5714285714286
2017-04-11,29.25,17.75,1006.25
2017-04-12,29.25,26.0,1005.875
2017-04-13,29.666666666666668,29.11111111111111,1006.7777777777778
2017-04-14,30.5,37.625,1004.625
2017-04-15,31.22222222222222,30.444444444444443,1002.4444444444443
2017-04-16,31.0,34.25,1003.25
2017-04-17,32.55555555555556,38.44444444444444,1004.4444444444443
2017-04-18,34.0,27.33333333333333,1003.1111111111112
2017-04-19,33.5,24.125,1000.875
2017-04-20,34.5,27.5,998.625
2017-04-21,34.25,39.375,999.875
2017-04-22,32.9,40.9,1001.6
2017-04-23,32.875,27.5,1002.125
2017-04-24,32.0,27.142857142857142,1004.1428571428572
